pcap,window_start,src,flows_total,pkts_out,pkts_in,bytes_out,bytes_in,tcp_flows,udp_flows,unique_dst_ports,unique_dst_ips,mean_flow_duration,p95_flow_duration,mean_packets_per_flow,p95_packets_per_flow,syn_count,rst_count,entropy_dst_port,entropy_dst_ip,rst_per_syn,label
SYN_scan.pcap,1769364130.0,176.196.120.41,1,1,1,106,142,0,1,1,1,0.03947806358337402,0.03947806358337402,2.0,2.0,0,0,-0.0,-0.0,0.0,0
SYN_scan.pcap,1769364130.0,192.168.1.1,2,47,82,12530,11816,2,0,2,1,1.2159440517425537,2.2522373914718625,64.5,115.35,0,0,1.0,-0.0,0.0,0
SYN_scan.pcap,1769364130.0,192.168.1.130,870,874,869,50676,52140,870,0,870,1,0.0001973757798644318,0.0003409385681152344,2.003448275862069,2.0,874,869,9.764871590736089,-0.0,0.9931428571428571,1
SYN_scan.pcap,1769364130.0,192.168.1.135,2,2,1,184,138,0,2,2,2,0.7282875776290894,1.3837463974952697,1.5,1.95,0,0,1.0,1.0,0.0,0
SYN_scan.pcap,1769364135.0,192.168.1.130,132,133,133,7773,8032,132,0,132,2,0.00047366185621781784,0.0002472519874572753,2.015151515151515,2.0,131,131,7.0443941193584525,0.06425462540840808,0.9924242424242424,1
SYN_scan.pcap,1769364135.0,192.168.1.135,4,3,3,262,318,0,4,4,4,0.029842257499694824,0.07029340267181396,1.5,2.0,0,0,2.0,2.0,0.0,0
benign.pcap,1769177590.0,141.95.97.120,1,0,4,0,3816,1,0,1,1,61.744086027145386,61.744086027145386,4.0,4.0,0,1,-0.0,-0.0,1.0,0
benign.pcap,1769177590.0,162.254.198.68,1,15,15,3583,1736,1,0,1,1,288.4591760635376,288.4591760635376,30.0,30.0,0,0,-0.0,-0.0,0.0,0
benign.pcap,1769177590.0,192.168.1.1,1,2,2,292,132,1,0,1,1,0.0025861263275146484,0.0025861263275146484,4.0,4.0,0,0,-0.0,-0.0,0.0,0
benign.pcap,1769177590.0,192.168.1.130,1,19,18,3979,4218,0,1,1,1,295.55195212364197,295.55195212364197,37.0,37.0,0,0,-0.0,-0.0,0.0,0
benign.pcap,1769177590.0,192.168.1.135,4,679,556,92476,73621,1,3,4,4,224.47521704435349,299.46753189563753,308.75,901.8999999999996,0,0,2.0,2.0,0.0,0
benign.pcap,1769177590.0,192.168.1.63,1,184,0,45764,0,0,1,1,1,207.6034300327301,207.6034300327301,184.0,184.0,0,0,-0.0,-0.0,0.0,0
benign.pcap,1769177595.0,101.43.180.146,1,1,2,102,204,1,0,1,1,0.3135950565338135,0.3135950565338135,3.0,3.0,0,0,-0.0,-0.0,0.0,0
benign.pcap,1769177595.0,108.177.127.188,1,2,2,158,158,1,0,1,1,0.31963586807250977,0.31963586807250977,4.0,4.0,0,0,-0.0,-0.0,0.0,0
benign.pcap,1769177595.0,17.57.146.135,1,31,31,3442,15096,1,0,1,1,81.48975491523743,81.48975491523743,62.0,62.0,0,0,-0.0,-0.0,0.0,0
benign.pcap,1769177595.0,178.219.168.121,1,19,19,2208,2485,0,1,1,1,298.7505130767822,298.7505130767822,38.0,38.0,0,0,-0.0,-0.0,0.0,0
benign.pcap,1769177595.0,192.168.1.135,5,174,185,41855,14990,3,2,3,4,187.43201141357423,298.74747667312624,71.8,187.2,0,0,1.3709505944546687,1.9219280948873623,0.0,0
benign.pcap,1769177600.0,142.250.74.14,1,14,14,6142,10884,0,1,1,1,0.31044983863830566,0.31044983863830566,28.0,28.0,0,0,-0.0,-0.0,0.0,0
benign.pcap,1769177600.0,162.159.61.5,1,11,10,5439,5438,0,1,1,1,0.0875709056854248,0.0875709056854248,21.0,21.0,0,0,-0.0,-0.0,0.0,0
benign.pcap,1769177600.0,17.188.182.196,1,11,10,8107,2543,1,0,1,1,0.9128458499908447,0.9128458499908447,21.0,21.0,2,2,-0.0,-0.0,0.6666666666666666,0
benign.pcap,1769177600.0,17.188.182.68,1,4,6,2500,1926,1,0,1,1,0.5162310600280762,0.5162310600280762,10.0,10.0,2,2,-0.0,-0.0,0.6666666666666666,0
benign.pcap,1769177600.0,178.215.158.212,1,19,18,3042,2467,0,1,1,1,294.2263970375061,294.2263970375061,37.0,37.0,0,0,-0.0,-0.0,0.0,0
benign.pcap,1769177600.0,185.211.245.131,1,14,15,8429,3201,1,0,1,1,7.116529941558838,7.116529941558838,29.0,29.0,2,3,-0.0,-0.0,1.0,0
benign.pcap,1769177600.0,192.168.1.1,1,1,1,158,78,0,1,1,1,0.3420729637145996,0.3420729637145996,2.0,2.0,0,0,-0.0,-0.0,0.0,0
benign.pcap,1769177600.0,192.168.1.135,1,19,19,2345,3684,0,1,1,1,297.5689790248871,297.5689790248871,38.0,38.0,0,0,-0.0,-0.0,0.0,0
benign.pcap,1769177605.0,192.168.1.135,1,1,1,60,78,1,0,1,1,0.03742098808288574,0.03742098808288574,2.0,2.0,0,0,-0.0,-0.0,0.0,0
benign.pcap,1769177610.0,162.159.61.5,3,12,14,5508,5704,2,1,3,1,0.04636295636494955,0.07910525798797607,8.666666666666666,18.299999999999997,0,0,1.584962500721156,-0.0,0.0,0
benign.pcap,1769177610.0,172.64.41.5,1,1,2,66,132,1,0,1,1,0.024079084396362305,0.024079084396362305,3.0,3.0,0,0,-0.0,-0.0,0.0,0
benign.pcap,1769177610.0,185.26.182.111,1,9,8,6271,2914,1,0,1,1,0.20851898193359375,0.20851898193359375,17.0,17.0,2,0,-0.0,-0.0,0.0,0
benign.pcap,1769177615.0,162.159.200.1,1,1,1,90,90,0,1,1,1,0.02311086654663086,0.02311086654663086,2.0,2.0,0,0,-0.0,-0.0,0.0,0
benign.pcap,1769177620.0,116.202.233.126,1,3,2,241,161,1,0,1,1,8.996095895767212,8.996095895767212,5.0,5.0,0,0,-0.0,-0.0,0.0,0
benign.pcap,1769177620.0,157.240.205.142,1,0,1,0,54,1,0,1,1,0.0,0.0,1.0,1.0,0,1,-0.0,-0.0,1.0,0
benign.pcap,1769177620.0,192.168.1.1,1,220,0,106060,0,0,1,1,1,270.29505014419556,270.29505014419556,220.0,220.0,0,0,-0.0,-0.0,0.0,0
benign.pcap,1769177620.0,192.168.1.135,1,1,1,60,78,1,0,1,1,0.025204896926879883,0.025204896926879883,2.0,2.0,0,0,-0.0,-0.0,0.0,0
benign.pcap,1769177620.0,192.168.1.77,2,7,4,1058,2232,2,0,2,2,0.13935351371765137,0.2647716760635376,5.5,9.549999999999999,0,1,1.0,1.0,1.0,0
benign.pcap,1769177625.0,116.202.233.126,1,3,2,241,161,1,0,1,1,8.98899793624878,8.98899793624878,5.0,5.0,0,0,-0.0,-0.0,0.0,0
benign.pcap,1769177625.0,192.168.1.1,1,1,1,142,94,0,1,1,1,0.07054805755615234,0.07054805755615234,2.0,2.0,0,0,-0.0,-0.0,0.0,0
benign.pcap,1769177630.0,107.155.51.182,1,3,2,193,120,1,0,1,1,0.2518739700317383,0.2518739700317383,5.0,5.0,0,0,-0.0,-0.0,0.0,0
benign.pcap,1769177630.0,192.168.1.1,1,1,0,59,0,0,1,1,1,0.0,0.0,1.0,1.0,0,0,-0.0,-0.0,0.0,0
benign.pcap,1769177635.0,185.211.245.131,1,11,14,6755,2691,1,0,1,1,2.281891107559204,2.281891107559204,25.0,25.0,2,2,-0.0,-0.0,0.6666666666666666,0
benign.pcap,1769177635.0,192.168.1.1,2,2,2,424,152,0,2,2,2,0.16853547096252441,0.2580246925354004,2.0,2.0,0,0,1.0,1.0,0.0,0
benign.pcap,1769177635.0,192.168.1.135,2,10,9,2412,2415,2,0,1,2,4.349897980690002,8.202803361415862,9.5,16.25,2,0,-0.0,1.0,0.0,0
benign.pcap,1769177645.0,192.168.1.135,1,2,3,161,241,1,0,1,1,9.000132083892822,9.000132083892822,5.0,5.0,0,0,-0.0,-0.0,0.0,0
benign.pcap,1769177650.0,192.168.1.135,2,3,4,221,319,2,0,2,2,4.512627959251404,8.54042044878006,3.5,4.85,0,0,1.0,1.0,0.0,0
benign.pcap,1769177655.0,149.154.167.222,4,91,106,44194,20225,4,0,4,1,23.98996603488922,23.991224539279937,49.25,54.0,8,0,2.0,-0.0,0.0,0
benign.pcap,1769177655.0,149.154.167.50,2,59,57,57647,6466,2,0,2,1,23.99114191532135,23.99185119867325,58.0,100.3,4,0,1.0,-0.0,0.0,0
benign.pcap,1769177655.0,185.26.182.111,1,4,5,300,312,1,0,1,1,24.20579504966736,24.20579504966736,9.0,9.0,0,2,-0.0,-0.0,2.0,0
benign.pcap,1769177655.0,192.168.1.130,1,1,0,451,0,0,1,1,1,0.0,0.0,1.0,1.0,0,0,-0.0,-0.0,0.0,0
benign.pcap,1769177655.0,192.168.1.63,4,114,98,15025,97141,4,0,1,1,23.971141278743744,23.971926498413087,53.0,55.7,9,0,-0.0,-0.0,0.0,0
benign.pcap,1769177660.0,142.250.74.14,1,13,14,6074,10883,0,1,1,1,0.31511592864990234,0.31511592864990234,27.0,27.0,0,0,-0.0,-0.0,0.0,0
benign.pcap,1769177660.0,151.101.3.6,4,50,41,43565,16437,2,2,4,1,0.21470898389816284,0.3292393922805786,22.75,31.199999999999996,4,9,2.0,-0.0,1.8,0
benign.pcap,1769177660.0,151.101.67.6,1,11,2,12482,2484,0,1,1,1,0.670098066329956,0.670098066329956,13.0,13.0,0,0,-0.0,-0.0,0.0,0
benign.pcap,1769177660.0,17.156.128.11,4,61,57,40848,20314,4,0,4,1,30.863365054130554,30.901454508304596,29.5,30.0,8,8,2.0,-0.0,0.8888888888888888,0
benign.pcap,1769177660.0,17.171.47.23,1,15,16,10107,5573,1,0,1,1,30.660741090774536,30.660741090774536,31.0,31.0,2,2,-0.0,-0.0,0.6666666666666666,0
benign.pcap,1769177660.0,17.253.39.142,1,11,11,8740,2654,1,0,1,1,0.24723005294799805,0.24723005294799805,22.0,22.0,2,0,-0.0,-0.0,0.0,0
benign.pcap,1769177660.0,185.211.245.131,1,23,30,16895,7243,1,0,1,1,22.94740104675293,22.94740104675293,53.0,53.0,2,2,-0.0,-0.0,0.6666666666666666,0
benign.pcap,1769177665.0,192.168.1.135,1,1,1,60,78,1,0,1,1,0.02459406852722168,0.02459406852722168,2.0,2.0,0,0,-0.0,-0.0,0.0,0
benign.pcap,1769177665.0,192.168.1.63,1,15,13,3594,6178,1,0,1,1,3.140268087387085,3.140268087387085,28.0,28.0,2,3,-0.0,-0.0,1.0,0
benign.pcap,1769177670.0,17.248.214.12,1,17,17,6020,7409,1,0,1,1,0.37992095947265625,0.37992095947265625,34.0,34.0,2,0,-0.0,-0.0,0.0,0
benign.pcap,1769177675.0,116.202.233.126,1,3,2,241,161,1,0,1,1,8.996784925460815,8.996784925460815,5.0,5.0,0,0,-0.0,-0.0,0.0,0
benign.pcap,1769177675.0,162.159.200.123,1,1,1,90,90,0,1,1,1,0.022958040237426758,0.022958040237426758,2.0,2.0,0,0,-0.0,-0.0,0.0,0
benign.pcap,1769177675.0,192.168.1.1,3,6,2,566,158,0,3,3,2,2.9205233256022134,4.096157956123352,2.6666666666666665,3.8,0,0,1.584962500721156,0.9182958340544896,0.0,0
benign.pcap,1769177680.0,116.202.233.126,1,3,2,241,161,1,0,1,1,8.989346027374268,8.989346027374268,5.0,5.0,0,0,-0.0,-0.0,0.0,0
benign.pcap,1769177680.0,172.64.41.5,1,10,12,4819,5616,0,1,1,1,0.172929048538208,0.172929048538208,22.0,22.0,0,0,-0.0,-0.0,0.0,0
benign.pcap,1769177680.0,185.26.182.94,2,27,21,22139,6508,2,0,2,1,11.604117393493652,21.873222184181213,24.0,33.0,4,0,1.0,-0.0,0.0,0
benign.pcap,1769177680.0,192.168.1.1,2,2,2,273,168,0,2,2,1,0.07763040065765381,0.07817617654800416,2.0,2.0,0,0,1.0,-0.0,0.0,0
benign.pcap,1769177680.0,192.168.1.77,1,3,4,222,228,1,0,1,1,0.33065009117126465,0.33065009117126465,7.0,7.0,0,3,-0.0,-0.0,3.0,0
benign.pcap,1769177685.0,192.168.1.1,1,1,1,142,94,0,1,1,1,0.07391619682312012,0.07391619682312012,2.0,2.0,0,0,-0.0,-0.0,0.0,0
benign.pcap,1769177685.0,192.168.1.130,1,1,0,451,0,0,1,1,1,0.0,0.0,1.0,1.0,0,0,-0.0,-0.0,0.0,0
benign.pcap,1769177690.0,172.64.41.5,1,12,11,6707,5523,0,1,1,1,0.10933899879455566,0.10933899879455566,23.0,23.0,0,0,-0.0,-0.0,0.0,0
benign.pcap,1769177690.0,192.168.1.1,2,2,2,273,168,0,2,2,1,0.0007635354995727539,0.0008179306983947754,2.0,2.0,0,0,1.0,-0.0,0.0,0
benign.pcap,1769177690.0,192.168.1.135,2,12,12,3383,1219,2,0,1,2,26.66822111606598,32.432897579669955,12.0,18.3,2,2,-0.0,1.0,0.6666666666666666,0
benign.pcap,1769177690.0,192.168.1.77,2,7,5,1203,1545,2,0,2,2,0.09143459796905518,0.17372573614120482,6.0,10.5,2,1,1.0,1.0,0.3333333333333333,0
benign.pcap,1769177695.0,192.168.1.135,1,1,1,60,78,1,0,1,1,0.03737306594848633,0.03737306594848633,2.0,2.0,0,0,-0.0,-0.0,0.0,0
benign.pcap,1769177705.0,192.168.1.135,4,15,11,2726,1710,3,1,2,3,3.08848375082016,8.096418321132658,6.5,11.799999999999997,2,0,0.8112781244591328,1.5,0.0,0
benign.pcap,1769177710.0,192.168.1.135,1,1,1,60,78,1,0,1,1,0.024353981018066406,0.024353981018066406,2.0,2.0,0,0,-0.0,-0.0,0.0,0
benign.pcap,1769177720.0,142.250.74.14,1,14,14,4895,9650,0,1,1,1,0.14564299583435059,0.14564299583435059,28.0,28.0,0,0,-0.0,-0.0,0.0,0
benign.pcap,1769177720.0,172.64.41.5,1,12,11,6707,5525,0,1,1,1,0.11030411720275879,0.11030411720275879,23.0,23.0,0,0,-0.0,-0.0,0.0,0
benign.pcap,1769177720.0,192.168.1.135,1,7,8,2864,924,1,0,1,1,30.209890842437744,30.209890842437744,15.0,15.0,2,0,-0.0,-0.0,0.0,0
benign.pcap,1769177725.0,185.26.182.94,1,4,3,288,192,1,0,1,1,37.50095200538635,37.50095200538635,7.0,7.0,0,1,-0.0,-0.0,1.0,0
benign.pcap,1769177730.0,116.202.233.126,1,3,2,241,161,1,0,1,1,8.996208906173706,8.996208906173706,5.0,5.0,0,0,-0.0,-0.0,0.0,0
benign.pcap,1769177735.0,116.202.233.126,1,3,2,241,161,1,0,1,1,8.989601850509644,8.989601850509644,5.0,5.0,0,0,-0.0,-0.0,0.0,0
benign.pcap,1769177735.0,162.159.200.123,1,1,1,90,90,0,1,1,1,0.02283191680908203,0.02283191680908203,2.0,2.0,0,0,-0.0,-0.0,0.0,0
benign.pcap,1769177735.0,17.57.146.135,1,7,7,1068,600,1,0,1,1,5.298250913619995,5.298250913619995,14.0,14.0,0,0,-0.0,-0.0,0.0,0
benign.pcap,1769177740.0,192.168.1.135,1,1,1,60,78,1,0,1,1,0.037242889404296875,0.037242889404296875,2.0,2.0,0,0,-0.0,-0.0,0.0,0
benign.pcap,1769177745.0,192.168.1.1,1,2,2,284,188,0,1,1,1,0.4597930908203125,0.4597930908203125,4.0,4.0,0,0,-0.0,-0.0,0.0,0
benign.pcap,1769177750.0,185.26.182.94,1,3,3,1179,625,1,0,1,1,14.791197061538696,14.791197061538696,6.0,6.0,0,0,-0.0,-0.0,0.0,0
benign.pcap,1769177750.0,192.168.1.1,1,1,0,59,0,0,1,1,1,0.0,0.0,1.0,1.0,0,0,-0.0,-0.0,0.0,0
benign.pcap,1769177750.0,192.168.1.77,1,2,3,156,174,1,0,1,1,0.23846006393432617,0.23846006393432617,5.0,5.0,0,2,-0.0,-0.0,2.0,0
benign.pcap,1769177755.0,192.168.1.1,1,1,0,245,0,0,1,1,1,0.0,0.0,1.0,1.0,0,0,-0.0,-0.0,0.0,0
benign.pcap,1769177755.0,192.168.1.135,2,3,4,221,319,2,0,1,2,4.505087494850159,8.537712466716766,3.5,4.85,0,0,-0.0,1.0,0.0,0
benign.pcap,1769177760.0,192.168.1.135,1,2,3,161,241,1,0,1,1,8.989385843276978,8.989385843276978,5.0,5.0,0,0,-0.0,-0.0,0.0,0
benign.pcap,1769177765.0,172.64.41.5,1,10,10,5376,5438,0,1,1,1,0.09962892532348633,0.09962892532348633,20.0,20.0,0,0,-0.0,-0.0,0.0,0
benign.pcap,1769177775.0,17.253.39.142,1,5,4,330,288,1,0,1,1,0.1399829387664795,0.1399829387664795,9.0,9.0,0,2,-0.0,-0.0,2.0,0
benign.pcap,1769177775.0,192.168.1.135,1,0,1,0,54,1,0,1,1,0.0,0.0,1.0,1.0,0,1,-0.0,-0.0,1.0,0
benign.pcap,1769177780.0,142.250.74.14,1,18,17,5768,11544,0,1,1,1,0.22732996940612793,0.22732996940612793,35.0,35.0,0,0,-0.0,-0.0,0.0,0
benign.pcap,1769177780.0,17.57.146.135,1,14,12,2509,1012,1,0,1,1,12.127277851104736,12.127277851104736,26.0,26.0,0,0,-0.0,-0.0,0.0,0
benign.pcap,1769177785.0,116.202.233.126,1,3,2,241,161,1,0,1,1,8.996546983718872,8.996546983718872,5.0,5.0,0,0,-0.0,-0.0,0.0,0
benign.pcap,1769177785.0,192.168.1.135,2,2,1,303,78,1,1,2,2,0.01868295669555664,0.035497617721557614,1.5,1.95,0,0,1.0,1.0,0.0,0
benign.pcap,1769177790.0,116.202.233.126,1,3,2,241,161,1,0,1,1,8.990429878234863,8.990429878234863,5.0,5.0,0,0,-0.0,-0.0,0.0,0
benign.pcap,1769177790.0,17.188.170.10,1,1,2,74,132,1,0,1,1,0.16534185409545898,0.16534185409545898,3.0,3.0,2,1,-0.0,-0.0,0.3333333333333333,0
benign.pcap,1769177790.0,17.188.171.202,1,13,10,8189,1502,1,0,1,1,1.3688759803771973,1.3688759803771973,23.0,23.0,2,2,-0.0,-0.0,0.6666666666666666,0
benign.pcap,1769177790.0,185.211.245.131,1,14,17,8429,3333,1,0,1,1,7.439913034439087,7.439913034439087,31.0,31.0,2,3,-0.0,-0.0,1.0,0
benign.pcap,1769177790.0,192.168.1.1,1,1,1,158,78,0,1,1,1,0.3602011203765869,0.3602011203765869,2.0,2.0,0,0,-0.0,-0.0,0.0,0
benign.pcap,1769177795.0,162.159.200.123,1,1,1,90,90,0,1,1,1,0.0228421688079834,0.0228421688079834,2.0,2.0,0,0,-0.0,-0.0,0.0,0
benign.pcap,1769177795.0,172.64.41.5,1,10,10,5376,5391,0,1,1,1,0.10105681419372559,0.10105681419372559,20.0,20.0,0,0,-0.0,-0.0,0.0,0
benign.pcap,1769177795.0,185.26.182.94,1,1,2,505,568,1,0,1,1,0.10734987258911133,0.10734987258911133,3.0,3.0,0,0,-0.0,-0.0,0.0,0
benign.pcap,1769177795.0,192.168.1.1,2,4,0,344,0,0,2,2,1,4.095471978187561,4.09584995508194,2.0,2.0,0,0,1.0,-0.0,0.0,0
benign.pcap,1769177795.0,192.168.1.135,2,9,9,3134,1038,2,0,1,2,15.073534488677979,28.580126500129698,9.0,14.399999999999999,2,2,-0.0,1.0,0.6666666666666666,0
benign.pcap,1769177800.0,192.168.1.135,1,1,1,60,78,1,0,1,1,0.024250030517578125,0.024250030517578125,2.0,2.0,0,0,-0.0,-0.0,0.0,0
benign.pcap,1769177800.0,192.168.1.77,2,7,5,1203,1545,2,0,2,2,0.08747804164886475,0.166208279132843,6.0,10.5,2,1,1.0,1.0,0.3333333333333333,0
benign.pcap,1769177805.0,192.168.1.1,1,1,1,142,94,0,1,1,1,0.07372689247131348,0.07372689247131348,2.0,2.0,0,0,-0.0,-0.0,0.0,0
benign.pcap,1769177805.0,192.168.1.135,1,2,3,161,241,1,0,1,1,8.98612093925476,8.98612093925476,5.0,5.0,0,0,-0.0,-0.0,0.0,0
benign.pcap,1769177815.0,192.168.1.135,1,2,3,161,241,1,0,1,1,8.988940954208374,8.988940954208374,5.0,5.0,0,0,-0.0,-0.0,0.0,0
benign.pcap,1769177825.0,192.168.1.135,1,4,0,848,0,0,1,1,1,3.0429439544677734,3.0429439544677734,4.0,4.0,0,0,-0.0,-0.0,0.0,0
benign.pcap,1769177830.0,192.168.1.135,1,1,1,60,78,1,0,1,1,0.03748512268066406,0.03748512268066406,2.0,2.0,0,0,-0.0,-0.0,0.0,0
benign.pcap,1769177835.0,172.64.41.5,1,10,11,4819,5536,0,1,1,1,0.19884300231933594,0.19884300231933594,21.0,21.0,0,0,-0.0,-0.0,0.0,0
benign.pcap,1769177835.0,185.26.182.94,1,1,2,512,567,1,0,1,1,0.12229681015014648,0.12229681015014648,3.0,3.0,0,0,-0.0,-0.0,0.0,0
benign.pcap,1769177840.0,116.202.233.126,1,3,2,241,161,1,0,1,1,8.99713683128357,8.99713683128357,5.0,5.0,0,0,-0.0,-0.0,0.0,0
benign.pcap,1769177840.0,142.250.74.14,1,13,14,4833,10829,0,1,1,1,0.14905095100402832,0.14905095100402832,27.0,27.0,0,0,-0.0,-0.0,0.0,0
benign.pcap,1769177845.0,116.202.233.126,1,3,2,241,161,1,0,1,1,8.990488052368164,8.990488052368164,5.0,5.0,0,0,-0.0,-0.0,0.0,0
benign.pcap,1769177845.0,192.168.1.135,1,1,1,60,78,1,0,1,1,0.03184318542480469,0.03184318542480469,2.0,2.0,0,0,-0.0,-0.0,0.0,0
benign.pcap,1769177850.0,108.177.119.95,1,12,12,8807,5731,0,1,1,1,0.29711222648620605,0.29711222648620605,24.0,24.0,0,0,-0.0,-0.0,0.0,0
benign.pcap,1769177850.0,108.177.96.102,1,16,16,8943,6266,0,1,1,1,0.3745419979095459,0.3745419979095459,32.0,32.0,0,0,-0.0,-0.0,0.0,0
benign.pcap,1769177850.0,149.154.167.50,1,1,2,66,132,1,0,1,1,0.2193460464477539,0.2193460464477539,3.0,3.0,0,0,-0.0,-0.0,0.0,0
benign.pcap,1769177850.0,192.168.1.1,2,2,2,523,176,0,2,2,1,0.21805310249328613,0.347195029258728,2.0,2.0,0,0,1.0,-0.0,0.0,0
benign.pcap,1769177850.0,192.168.1.126,1,8,1,7890,74,1,0,1,1,3.993340015411377,3.993340015411377,9.0,9.0,2,0,-0.0,-0.0,0.0,0
benign.pcap,1769177855.0,149.154.167.50,1,1,4,74,738,1,0,1,1,0.3160591125488281,0.3160591125488281,5.0,5.0,2,1,-0.0,-0.0,0.3333333333333333,0
benign.pcap,1769177855.0,162.159.200.1,1,1,1,90,90,0,1,1,1,0.022825956344604492,0.022825956344604492,2.0,2.0,0,0,-0.0,-0.0,0.0,0
benign.pcap,1769177855.0,192.168.1.1,1,1,1,111,79,0,1,1,1,0.07573103904724121,0.07573103904724121,2.0,2.0,0,0,-0.0,-0.0,0.0,0
benign.pcap,1769177860.0,192.168.1.135,1,2,3,161,241,1,0,1,1,8.986489057540894,8.986489057540894,5.0,5.0,0,0,-0.0,-0.0,0.0,0
benign.pcap,1769177860.0,192.168.1.77,1,3,4,234,240,1,0,1,1,0.4005560874938965,0.4005560874938965,7.0,7.0,0,2,-0.0,-0.0,2.0,0
benign.pcap,1769177865.0,192.168.1.1,1,1,1,142,94,0,1,1,1,0.07603311538696289,0.07603311538696289,2.0,2.0,0,0,-0.0,-0.0,0.0,0
benign.pcap,1769177865.0,192.168.1.135,1,2,3,161,241,1,0,1,1,8.990350008010864,8.990350008010864,5.0,5.0,0,0,-0.0,-0.0,0.0,0
benign.pcap,1769177870.0,185.26.182.94,1,4,3,4468,620,1,0,1,1,0.21470999717712402,0.21470999717712402,7.0,7.0,0,0,-0.0,-0.0,0.0,0
benign.pcap,1769177870.0,192.168.1.1,1,1,0,59,0,0,1,1,1,0.0,0.0,1.0,1.0,0,0,-0.0,-0.0,0.0,0
benign.pcap,1769177870.0,192.168.1.135,1,1,1,60,54,1,0,1,1,0.023723125457763672,0.023723125457763672,2.0,2.0,0,1,-0.0,-0.0,1.0,0
benign.pcap,1769177875.0,192.168.1.135,1,1,1,60,78,1,0,1,1,0.037232160568237305,0.037232160568237305,2.0,2.0,0,0,-0.0,-0.0,0.0,0
benign.pcap,1769177880.0,192.168.1.135,1,1,1,60,66,1,0,1,1,0.06919288635253906,0.06919288635253906,2.0,2.0,0,0,-0.0,-0.0,0.0,0
benign.pcap,1769177890.0,116.202.233.126,1,3,2,241,161,1,0,1,1,8.998104095458984,8.998104095458984,5.0,5.0,0,0,-0.0,-0.0,0.0,0
benign.pcap,1769177890.0,192.168.1.135,2,239,240,34321,28482,1,1,2,2,86.37925040721893,164.09183171987533,239.5,453.25,0,0,1.0,1.0,0.0,0
benign.pcap,1769177895.0,101.43.180.146,1,1,2,102,204,1,0,1,1,0.3269779682159424,0.3269779682159424,3.0,3.0,0,0,-0.0,-0.0,0.0,0
benign.pcap,1769177895.0,108.177.127.188,1,2,2,158,160,1,0,1,1,0.3445761203765869,0.3445761203765869,4.0,4.0,0,0,-0.0,-0.0,0.0,0
benign.pcap,1769177895.0,116.202.233.126,1,3,2,241,161,1,0,1,1,9.178777933120728,9.178777933120728,5.0,5.0,0,0,-0.0,-0.0,0.0,0
benign.pcap,1769177895.0,162.254.198.68,1,12,12,792,1440,1,0,1,1,298.3861699104309,298.3861699104309,24.0,24.0,0,0,-0.0,-0.0,0.0,0
benign.pcap,1769177895.0,192.168.1.135,1,48,53,10816,3653,1,0,1,1,294.0077941417694,294.0077941417694,101.0,101.0,0,0,-0.0,-0.0,0.0,0
benign.pcap,1769177900.0,142.250.74.142,1,16,17,7765,12001,0,1,1,1,0.24800491333007812,0.24800491333007812,33.0,33.0,0,0,-0.0,-0.0,0.0,0
benign.pcap,1769177900.0,157.240.205.142,1,0,1,0,54,1,0,1,1,0.0,0.0,1.0,1.0,0,1,-0.0,-0.0,1.0,0
benign.pcap,1769177900.0,172.64.41.5,1,12,11,6707,5519,0,1,1,1,0.10580611228942871,0.10580611228942871,23.0,23.0,0,0,-0.0,-0.0,0.0,0
benign.pcap,1769177900.0,178.215.158.212,1,18,19,3362,2213,0,1,1,1,295.8917188644409,295.8917188644409,37.0,37.0,0,0,-0.0,-0.0,0.0,0
benign.pcap,1769177900.0,192.168.1.130,1,19,19,5801,5004,0,1,1,1,298.378839969635,298.378839969635,38.0,38.0,0,0,-0.0,-0.0,0.0,0
benign.pcap,1769177900.0,192.168.1.135,3,141,144,33277,12159,1,2,3,3,295.06439661979675,297.35975966453555,95.0,192.79999999999998,0,0,1.584962500721156,1.584962500721156,0.0,0
benign.pcap,1769177905.0,178.219.168.121,1,19,19,2177,2530,0,1,1,1,298.75604581832886,298.75604581832886,38.0,38.0,0,0,-0.0,-0.0,0.0,0
benign.pcap,1769177905.0,192.168.1.135,1,19,19,2637,2175,0,1,1,1,296.36685395240784,296.36685395240784,38.0,38.0,0,0,-0.0,-0.0,0.0,0
benign.pcap,1769177910.0,192.168.1.1,1,2,2,427,184,0,1,1,1,0.5516729354858398,0.5516729354858398,4.0,4.0,0,0,-0.0,-0.0,0.0,0
benign.pcap,1769177910.0,192.168.1.135,3,19,13,7318,7808,2,1,2,3,0.8204179604848226,1.4461981534957884,10.666666666666666,23.7,2,1,0.9182958340544896,1.584962500721156,0.3333333333333333,0
benign.pcap,1769177915.0,162.159.200.1,1,1,1,90,90,0,1,1,1,0.023414134979248047,0.023414134979248047,2.0,2.0,0,0,-0.0,-0.0,0.0,0
benign.pcap,1769177915.0,185.26.182.94,1,3,2,234,126,1,0,1,1,19.99616003036499,19.99616003036499,5.0,5.0,0,0,-0.0,-0.0,0.0,0
benign.pcap,1769177915.0,192.168.1.1,1,1,1,215,92,0,1,1,1,0.0007138252258300781,0.0007138252258300781,2.0,2.0,0,0,-0.0,-0.0,0.0,0
benign.pcap,1769177915.0,192.168.1.135,3,35,35,10006,10262,2,1,2,3,101.52249193191528,265.886456990242,23.333333333333332,36.1,2,0,0.9182958340544896,1.584962500721156,0.0,0
benign.pcap,1769177920.0,192.168.1.1,3,224,0,106404,0,0,3,3,2,92.79299696286519,243.57867052555082,74.66666666666667,198.2,0,0,1.584962500721156,0.9182958340544896,0.0,0
benign.pcap,1769177920.0,192.168.1.135,2,3,4,221,319,2,0,2,2,4.514208555221558,8.543387532234192,3.5,4.85,0,0,1.0,1.0,0.0,0
benign.pcap,1769177925.0,192.168.1.1,1,1,1,142,94,0,1,1,1,0.07264399528503418,0.07264399528503418,2.0,2.0,0,0,-0.0,-0.0,0.0,0
benign.pcap,1769177930.0,192.168.1.1,1,1,0,59,0,0,1,1,1,0.0,0.0,1.0,1.0,0,0,-0.0,-0.0,0.0,0
benign.pcap,1769177935.0,192.168.1.1,1,1,0,258,0,0,1,1,1,0.0,0.0,1.0,1.0,0,0,-0.0,-0.0,0.0,0
benign.pcap,1769177935.0,192.168.1.135,1,1,1,60,78,1,0,1,1,0.024598121643066406,0.024598121643066406,2.0,2.0,0,0,-0.0,-0.0,0.0,0
benign.pcap,1769177945.0,116.202.233.126,1,3,2,241,161,1,0,1,1,8.998512029647827,8.998512029647827,5.0,5.0,0,0,-0.0,-0.0,0.0,0
benign.pcap,1769177945.0,192.168.1.135,1,4,0,848,0,0,1,1,1,3.0429880619049072,3.0429880619049072,4.0,4.0,0,0,-0.0,-0.0,0.0,0
benign.pcap,1769177950.0,116.202.233.126,1,3,2,241,161,1,0,1,1,8.807270050048828,8.807270050048828,5.0,5.0,0,0,-0.0,-0.0,0.0,0
benign.pcap,1769177950.0,192.168.1.77,1,6,6,1301,2103,1,0,1,1,0.1433699131011963,0.1433699131011963,12.0,12.0,2,0,-0.0,-0.0,0.0,0
benign.pcap,1769177960.0,142.250.74.142,1,12,14,4763,10817,0,1,1,1,0.14837884902954102,0.14837884902954102,26.0,26.0,0,0,-0.0,-0.0,0.0,0
benign.pcap,1769177965.0,192.168.1.135,1,1,1,60,78,1,0,1,1,0.037513017654418945,0.037513017654418945,2.0,2.0,0,0,-0.0,-0.0,0.0,0
benign.pcap,1769177970.0,142.250.185.131,1,0,3,0,222,1,0,1,1,6.023497104644775,6.023497104644775,3.0,3.0,3,0,-0.0,-0.0,0.0,0
benign.pcap,1769177970.0,192.168.1.1,1,2,2,253,140,0,1,1,1,0.5484888553619385,0.5484888553619385,4.0,4.0,0,0,-0.0,-0.0,0.0,0
benign.pcap,1769177970.0,192.168.1.135,1,3,4,327,307,1,0,1,1,18.794872045516968,18.794872045516968,7.0,7.0,0,0,-0.0,-0.0,0.0,0
benign.pcap,1769177975.0,162.159.200.123,1,1,1,90,90,0,1,1,1,0.02309584617614746,0.02309584617614746,2.0,2.0,0,0,-0.0,-0.0,0.0,0
benign.pcap,1769177975.0,192.168.1.1,1,1,1,111,79,0,1,1,1,0.06979203224182129,0.06979203224182129,2.0,2.0,0,0,-0.0,-0.0,0.0,0
benign.pcap,1769177975.0,192.168.1.135,1,2,3,161,241,1,0,1,1,8.98996901512146,8.98996901512146,5.0,5.0,0,0,-0.0,-0.0,0.0,0
benign.pcap,1769177980.0,185.26.182.94,1,1,1,54,60,1,0,1,1,0.06362009048461914,0.06362009048461914,2.0,2.0,0,1,-0.0,-0.0,1.0,0
benign.pcap,1769177980.0,192.168.1.135,1,1,1,60,78,1,0,1,1,0.0249178409576416,0.0249178409576416,2.0,2.0,0,0,-0.0,-0.0,0.0,0
benign.pcap,1769177985.0,142.250.185.131,1,0,3,0,222,1,0,1,1,6.0278661251068115,6.0278661251068115,3.0,3.0,3,0,-0.0,-0.0,0.0,0
benign.pcap,1769177985.0,192.168.1.1,3,3,3,572,251,0,3,3,1,0.06996758778889973,0.07254314422607422,2.0,2.0,0,0,1.584962500721156,-0.0,0.0,0
benign.pcap,1769177985.0,192.168.1.135,2,8,6,1053,877,2,0,1,2,0.18402600288391113,0.1879967451095581,7.0,7.0,4,0,-0.0,1.0,0.0,0
benign.pcap,1769177990.0,162.159.61.5,1,10,10,5376,5434,0,1,1,1,0.08178901672363281,0.08178901672363281,20.0,20.0,0,0,-0.0,-0.0,0.0,0
benign.pcap,1769177990.0,192.168.1.1,3,3,2,332,168,0,3,3,2,0.04699563980102539,0.07083868980407715,1.6666666666666667,2.0,0,0,1.584962500721156,0.9182958340544896,0.0,0
benign.pcap,1769177990.0,192.168.1.135,1,10,9,3052,990,1,0,1,1,33.23808813095093,33.23808813095093,19.0,19.0,2,2,-0.0,-0.0,0.6666666666666666,0
benign.pcap,1769178000.0,116.202.233.126,1,3,2,241,161,1,0,1,1,8.998691082000732,8.998691082000732,5.0,5.0,0,0,-0.0,-0.0,0.0,0
benign.pcap,1769178000.0,142.250.185.131,1,0,3,0,222,1,0,1,1,6.023482799530029,6.023482799530029,3.0,3.0,3,0,-0.0,-0.0,0.0,0
benign.pcap,1769178005.0,116.202.233.126,1,3,2,241,161,1,0,1,1,8.99185299873352,8.99185299873352,5.0,5.0,0,0,-0.0,-0.0,0.0,0
benign.pcap,1769178010.0,192.168.1.135,2,13,11,2076,7824,2,0,2,2,0.1832369565963745,0.3145189642906189,12.0,21.0,2,0,1.0,1.0,0.0,0
benign.pcap,1769178010.0,192.168.1.77,1,3,5,234,294,1,0,1,1,0.29596900939941406,0.29596900939941406,8.0,8.0,0,3,-0.0,-0.0,3.0,0
benign.pcap,1769178020.0,142.250.74.142,1,2,10,164,11747,0,1,1,1,4.0910539627075195,4.0910539627075195,12.0,12.0,0,0,-0.0,-0.0,0.0,0
benign.pcap,1769178020.0,162.159.61.5,1,12,13,6117,5689,0,1,1,1,0.5202200412750244,0.5202200412750244,25.0,25.0,0,0,-0.0,-0.0,0.0,0
benign.pcap,1769178020.0,192.168.1.135,1,7,8,2896,924,1,0,1,1,30.217880964279175,30.217880964279175,15.0,15.0,2,0,-0.0,-0.0,0.0,0
benign.pcap,1769178025.0,142.250.74.142,2,18,19,7618,13464,1,1,2,1,0.16237056255340576,0.18279021978378296,18.5,23.45,2,0,1.0,-0.0,0.0,0
benign.pcap,1769178025.0,192.168.1.135,2,3,2,192,144,2,0,1,2,0.15452659130096436,0.27126523256301877,2.5,2.95,0,0,-0.0,1.0,0.0,0
benign.pcap,1769178030.0,192.168.1.135,2,3,5,262,404,2,0,1,2,4.506801009178162,8.541703498363495,4.0,4.9,0,0,-0.0,1.0,0.0,0
benign.pcap,1769178035.0,104.20.45.111,1,12,13,9870,3816,1,0,1,1,30.388629913330078,30.388629913330078,25.0,25.0,2,1,-0.0,-0.0,0.3333333333333333,0
benign.pcap,1769178035.0,142.250.74.3,2,31,21,21280,7351,1,1,2,1,18.234684109687805,28.60238980054855,26.0,27.8,2,1,1.0,-0.0,0.3333333333333333,0
benign.pcap,1769178035.0,142.251.142.234,2,24,22,17610,9361,1,1,2,1,0.27495694160461426,0.3669395446777344,23.0,31.099999999999998,2,3,1.0,-0.0,1.0,0
benign.pcap,1769178035.0,151.101.67.6,2,43,44,38783,4988,2,0,2,1,1.0866353511810303,1.410400938987732,43.5,56.55,4,0,1.0,-0.0,0.0,0
benign.pcap,1769178035.0,158.160.210.100,1,24,29,15422,5738,1,0,1,1,30.434950828552246,30.434950828552246,53.0,53.0,2,1,-0.0,-0.0,0.3333333333333333,0
benign.pcap,1769178035.0,162.159.200.123,2,1,2,90,180,0,2,2,1,0.03188800811767578,0.06058721542358398,1.5,1.95,0,0,1.0,-0.0,0.0,0
benign.pcap,1769178035.0,17.248.214.12,1,17,16,5972,6859,1,0,1,1,0.44840502738952637,0.44840502738952637,33.0,33.0,2,0,-0.0,-0.0,0.0,0
benign.pcap,1769178035.0,17.253.38.35,4,4,4,360,360,0,4,4,1,0.048811495304107666,0.06613194942474364,2.0,2.0,0,0,2.0,-0.0,0.0,0
benign.pcap,1769178035.0,17.253.38.43,1,0,1,0,90,0,1,1,1,0.0,0.0,1.0,1.0,0,0,-0.0,-0.0,0.0,0
benign.pcap,1769178035.0,17.253.39.131,1,13,16,7006,3047,1,0,1,1,0.28374290466308594,0.28374290466308594,29.0,29.0,2,3,-0.0,-0.0,1.0,0
benign.pcap,1769178035.0,17.253.52.125,4,4,4,360,360,0,4,4,1,0.07009536027908325,0.07344835996627808,2.0,2.0,0,0,2.0,-0.0,0.0,0
benign.pcap,1769178035.0,17.57.146.135,1,65,59,21261,39436,1,0,1,1,60.13735103607178,60.13735103607178,124.0,124.0,0,0,-0.0,-0.0,0.0,0
benign.pcap,1769178035.0,172.217.19.234,1,7,2,7537,2484,0,1,1,1,0.05641317367553711,0.05641317367553711,9.0,9.0,0,0,-0.0,-0.0,0.0,0
benign.pcap,1769178035.0,172.66.149.233,1,1,2,74,132,1,0,1,1,1.058696985244751,1.058696985244751,3.0,3.0,2,1,-0.0,-0.0,0.3333333333333333,0
benign.pcap,1769178035.0,178.248.235.49,3,52,47,22077,39994,3,0,3,1,0.18327903747558594,0.22245264053344727,33.0,35.6,6,0,1.584962500721156,-0.0,0.0,0
benign.pcap,1769178035.0,178.248.239.227,12,281,249,158920,122851,12,0,12,1,3.9936868151028952,21.706809806823728,44.166666666666664,69.5,24,4,3.584962500721156,-0.0,0.16,0
benign.pcap,1769178035.0,185.15.175.147,1,17,15,4701,3040,1,0,1,1,19.92238998413086,19.92238998413086,32.0,32.0,2,0,-0.0,-0.0,0.0,0
benign.pcap,1769178035.0,185.211.245.131,1,72,81,43757,17753,1,0,1,1,58.346351861953735,58.346351861953735,153.0,153.0,2,2,-0.0,-0.0,0.6666666666666666,0
benign.pcap,1769178035.0,192.168.1.1,1,1,1,158,78,0,1,1,1,0.34186410903930664,0.34186410903930664,2.0,2.0,0,0,-0.0,-0.0,0.0,0
benign.pcap,1769178035.0,192.168.1.63,9,153,128,44049,79782,6,3,2,5,22.498998191621567,55.07689914703367,31.22222222222222,50.19999999999999,12,4,0.5032583347756457,2.058813890331201,0.3076923076923077,0
benign.pcap,1769178040.0,17.253.38.43,3,3,3,270,270,0,3,3,1,0.06656138102213542,0.06969811916351318,2.0,2.0,0,0,1.584962500721156,-0.0,0.0,0
benign.pcap,1769178040.0,178.248.234.141,1,13,13,6456,12758,1,0,1,1,28.930131196975708,28.930131196975708,26.0,26.0,2,1,-0.0,-0.0,0.3333333333333333,0
benign.pcap,1769178040.0,178.248.235.49,2,28,33,14278,12193,2,0,2,1,0.15993189811706543,0.16012265682220458,30.5,30.95,4,0,1.0,-0.0,0.0,0
benign.pcap,1769178040.0,178.248.239.227,3,74,63,48500,26168,3,0,3,1,0.5876839955647787,0.9163546323776245,45.666666666666664,54.0,6,2,1.584962500721156,-0.0,0.2857142857142857,0
benign.pcap,1769178040.0,192.168.1.1,2,4,0,344,0,0,2,2,1,4.0920330286026,4.092077124118805,2.0,2.0,0,0,1.0,-0.0,0.0,0
benign.pcap,1769178040.0,192.168.1.63,6,78,70,95147,42327,6,0,1,1,28.556145310401917,29.00948268175125,24.666666666666668,35.25,12,6,-0.0,-0.0,0.46153846153846156,0
benign.pcap,1769178045.0,142.250.185.131,1,0,3,0,222,1,0,1,1,6.0229949951171875,6.0229949951171875,3.0,3.0,3,0,-0.0,-0.0,0.0,0
benign.pcap,1769178045.0,192.168.1.1,1,1,1,142,94,0,1,1,1,0.07035088539123535,0.07035088539123535,2.0,2.0,0,0,-0.0,-0.0,0.0,0
benign.pcap,1769178050.0,17.252.28.102,2,12,36,1590,25639,1,1,2,1,30.895988702774048,31.765927362442017,24.0,26.7,2,2,1.0,-0.0,0.6666666666666666,0
benign.pcap,1769178050.0,17.253.39.136,2,17,16,13239,5097,2,0,2,1,0.2133655548095703,0.21898918151855468,16.5,16.95,4,0,1.0,-0.0,0.0,0
benign.pcap,1769178050.0,172.217.19.238,2,37,25,22068,7529,1,1,2,1,11.784138917922974,15.307952165603638,31.0,34.6,2,0,1.0,-0.0,0.0,0
benign.pcap,1769178050.0,192.168.1.1,1,1,0,59,0,0,1,1,1,0.0,0.0,1.0,1.0,0,0,-0.0,-0.0,0.0,0
benign.pcap,1769178050.0,192.168.1.63,2,31,31,7027,26751,2,0,1,2,2.0392245054244995,3.0586856961250306,31.0,45.4,4,4,-0.0,1.0,0.8,0
benign.pcap,1769178055.0,116.202.233.126,1,3,2,241,161,1,0,1,1,9.001291036605835,9.001291036605835,5.0,5.0,0,0,-0.0,-0.0,0.0,0
benign.pcap,1769178055.0,192.168.1.135,1,1,1,60,78,1,0,1,1,0.03741621971130371,0.03741621971130371,2.0,2.0,0,0,-0.0,-0.0,0.0,0
benign.pcap,1769178060.0,116.202.233.126,1,3,2,241,161,1,0,1,1,8.99202013015747,8.99202013015747,5.0,5.0,0,0,-0.0,-0.0,0.0,0
benign.pcap,1769178060.0,142.250.185.131,1,0,3,0,222,1,0,1,1,6.023621082305908,6.023621082305908,3.0,3.0,3,0,-0.0,-0.0,0.0,0
benign.pcap,1769178060.0,17.32.214.169,1,12,13,10116,3531,1,0,1,1,0.6270389556884766,0.6270389556884766,25.0,25.0,2,0,-0.0,-0.0,0.0,0
benign.pcap,1769178060.0,178.248.239.227,1,21,19,12490,8595,1,0,1,1,0.22977280616760254,0.22977280616760254,40.0,40.0,2,0,-0.0,-0.0,0.0,0
benign.pcap,1769178060.0,192.168.1.63,4,58,58,28314,37123,3,1,1,3,2.017937958240509,6.267045605182645,29.0,40.0,6,2,-0.0,1.5,0.2857142857142857,0
benign.pcap,1769178065.0,17.156.128.11,1,17,16,12594,9593,1,0,1,1,31.11085605621338,31.11085605621338,33.0,33.0,2,2,-0.0,-0.0,0.6666666666666666,0
benign.pcap,1769178065.0,192.168.1.135,1,4,0,848,0,0,1,1,1,3.0429441928863525,3.0429441928863525,4.0,4.0,0,0,-0.0,-0.0,0.0,0
benign.pcap,1769178065.0,192.168.1.63,2,15,11,5066,6023,2,0,1,2,1.6357210874557495,3.107870066165924,13.0,23.799999999999997,2,1,-0.0,1.0,0.3333333333333333,0
benign.pcap,1769178070.0,142.250.74.142,1,1,1,78,60,1,0,1,1,0.040490150451660156,0.040490150451660156,2.0,2.0,0,0,-0.0,-0.0,0.0,0
benign.pcap,1769178070.0,192.168.1.135,2,1,2,60,132,2,0,1,2,0.012143492698669434,0.023072636127471922,1.5,1.95,0,1,-0.0,1.0,1.0,0
benign.pcap,1769178070.0,192.168.1.77,1,2,2,160,156,1,0,1,1,0.36248207092285156,0.36248207092285156,4.0,4.0,0,0,-0.0,-0.0,0.0,0
benign.pcap,1769178075.0,142.250.185.131,1,0,3,0,222,1,0,1,1,6.023575067520142,6.023575067520142,3.0,3.0,3,0,-0.0,-0.0,0.0,0
benign.pcap,1769178075.0,192.168.1.135,1,2,3,161,241,1,0,1,1,8.988373041152954,8.988373041152954,5.0,5.0,0,0,-0.0,-0.0,0.0,0
benign.pcap,1769178080.0,142.250.74.142,1,13,14,4826,10815,0,1,1,1,0.14221501350402832,0.14221501350402832,27.0,27.0,0,0,-0.0,-0.0,0.0,0
benign.pcap,1769178080.0,17.253.39.136,2,2,6,132,444,2,0,2,1,0.05416393280029297,0.06397759914398193,4.0,4.0,0,0,1.0,-0.0,0.0,0
benign.pcap,1769178080.0,192.168.1.135,2,4,3,264,198,2,0,1,2,0.0631110668182373,0.06467082500457763,3.5,3.95,0,0,-0.0,1.0,0.0,0
benign.pcap,1769178080.0,192.168.1.63,1,15,11,3079,5223,1,0,1,1,1.7963919639587402,1.7963919639587402,26.0,26.0,4,3,-0.0,-0.0,0.6,0
benign.pcap,1769178085.0,17.248.214.67,3,50,59,18252,17127,3,0,3,1,5.318232377370198,7.348933458328247,36.333333333333336,37.8,6,4,1.584962500721156,-0.0,0.5714285714285714,0
benign.pcap,1769178085.0,192.168.1.135,1,2,3,161,241,1,0,1,1,8.991005897521973,8.991005897521973,5.0,5.0,0,0,-0.0,-0.0,0.0,0
benign.pcap,1769178090.0,17.32.214.169,1,5,4,318,312,1,0,1,1,1.6406090259552002,1.6406090259552002,9.0,9.0,0,3,-0.0,-0.0,3.0,0
benign.pcap,1769178095.0,162.159.200.1,1,1,1,90,90,0,1,1,1,0.022970914840698242,0.022970914840698242,2.0,2.0,0,0,-0.0,-0.0,0.0,0
benign.pcap,1769178095.0,192.168.1.1,1,2,2,244,158,0,1,1,1,0.39503002166748047,0.39503002166748047,4.0,4.0,0,0,-0.0,-0.0,0.0,0
benign.pcap,1769178095.0,192.168.1.135,1,1,1,60,54,1,0,1,1,0.06971001625061035,0.06971001625061035,2.0,2.0,0,1,-0.0,-0.0,1.0,0
benign.pcap,1769178100.0,162.159.61.5,1,10,10,5376,5436,0,1,1,1,0.08331489562988281,0.08331489562988281,20.0,20.0,0,0,-0.0,-0.0,0.0,0
benign.pcap,1769178100.0,192.168.1.1,2,2,2,273,168,0,2,2,1,0.4466480016708374,0.47989956140518186,2.0,2.0,0,0,1.0,-0.0,0.0,0
benign.pcap,1769178100.0,192.168.1.135,2,16,16,7697,6458,1,1,2,2,0.10325253009796143,0.16266463994979857,16.0,28.599999999999998,0,0,1.0,1.0,0.0,0
benign.pcap,1769178105.0,192.168.1.1,1,1,1,153,94,0,1,1,1,0.041784048080444336,0.041784048080444336,2.0,2.0,0,0,-0.0,-0.0,0.0,0
benign.pcap,1769178105.0,192.168.1.130,1,4,0,904,0,0,1,1,1,6.999950885772705,6.999950885772705,4.0,4.0,0,0,-0.0,-0.0,0.0,0
benign.pcap,1769178110.0,116.202.233.126,1,3,2,241,161,1,0,1,1,8.983552932739258,8.983552932739258,5.0,5.0,0,0,-0.0,-0.0,0.0,0
benign.pcap,1769178115.0,116.202.233.126,1,3,2,241,161,1,0,1,1,8.99236011505127,8.99236011505127,5.0,5.0,0,0,-0.0,-0.0,0.0,0
benign.pcap,1769178115.0,142.250.74.142,1,1,1,78,60,1,0,1,1,0.040419816970825195,0.040419816970825195,2.0,2.0,0,0,-0.0,-0.0,0.0,0
benign.pcap,1769178115.0,192.168.1.135,1,1,1,60,78,1,0,1,1,0.02489495277404785,0.02489495277404785,2.0,2.0,0,0,-0.0,-0.0,0.0,0
benign.pcap,1769178130.0,192.168.1.135,1,2,3,161,241,1,0,1,1,8.990539073944092,8.990539073944092,5.0,5.0,0,0,-0.0,-0.0,0.0,0
benign.pcap,1769178135.0,192.168.1.135,1,2,3,161,241,1,0,1,1,8.999472856521606,8.999472856521606,5.0,5.0,0,0,-0.0,-0.0,0.0,0
benign.pcap,1769178135.0,192.168.1.63,1,15,0,3839,0,0,1,1,1,40.21647500991821,40.21647500991821,15.0,15.0,0,0,-0.0,-0.0,0.0,0
benign.pcap,1769178140.0,13.50.180.192,1,19,20,6024,6600,1,0,1,1,3.8195691108703613,3.8195691108703613,39.0,39.0,2,1,-0.0,-0.0,0.3333333333333333,0
benign.pcap,1769178140.0,142.250.74.142,1,17,19,5500,14135,0,1,1,1,0.2216780185699463,0.2216780185699463,36.0,36.0,0,0,-0.0,-0.0,0.0,0
benign.pcap,1769178140.0,17.57.146.135,1,43,33,11832,22207,1,0,1,1,60.743396043777466,60.743396043777466,76.0,76.0,0,0,-0.0,-0.0,0.0,0
benign.pcap,1769178140.0,192.168.1.1,1,1,1,169,78,0,1,1,1,0.2807621955871582,0.2807621955871582,2.0,2.0,0,0,-0.0,-0.0,0.0,0
benign.pcap,1769178140.0,192.168.1.63,1,29,24,5961,14969,1,0,1,1,59.156095027923584,59.156095027923584,53.0,53.0,2,0,-0.0,-0.0,0.0,0
benign.pcap,1769178145.0,149.154.167.50,1,4,7,966,879,1,0,1,1,0.37413907051086426,0.37413907051086426,11.0,11.0,2,0,-0.0,-0.0,0.0,0
benign.pcap,1769178145.0,17.248.214.67,1,46,51,15238,17780,1,0,1,1,54.084429025650024,54.084429025650024,97.0,97.0,2,0,-0.0,-0.0,0.0,0
benign.pcap,1769178145.0,192.168.1.135,1,1,1,60,78,1,0,1,1,0.03708314895629883,0.03708314895629883,2.0,2.0,0,0,-0.0,-0.0,0.0,0
benign.pcap,1769178155.0,162.159.200.1,1,1,1,90,90,0,1,1,1,0.023122787475585938,0.023122787475585938,2.0,2.0,0,0,-0.0,-0.0,0.0,0
benign.pcap,1769178155.0,192.168.1.1,1,1,1,122,79,0,1,1,1,0.0007848739624023438,0.0007848739624023438,2.0,2.0,0,0,-0.0,-0.0,0.0,0
benign.pcap,1769178155.0,192.168.1.135,1,1,1,60,66,1,0,1,1,0.06951689720153809,0.06951689720153809,2.0,2.0,0,0,-0.0,-0.0,0.0,0
benign.pcap,1769178160.0,116.202.233.126,1,3,2,241,161,1,0,1,1,8.999374866485596,8.999374866485596,5.0,5.0,0,0,-0.0,-0.0,0.0,0
benign.pcap,1769178160.0,142.250.74.142,1,1,1,78,60,1,0,1,1,0.04067587852478027,0.04067587852478027,2.0,2.0,0,0,-0.0,-0.0,0.0,0
benign.pcap,1769178160.0,192.168.1.1,2,4,0,344,0,0,2,2,1,4.091516971588135,4.091818451881409,2.0,2.0,0,0,1.0,-0.0,0.0,0
benign.pcap,1769178160.0,192.168.1.135,1,1,1,60,78,1,0,1,1,0.0242459774017334,0.0242459774017334,2.0,2.0,0,0,-0.0,-0.0,0.0,0
benign.pcap,1769178165.0,104.166.180.162,1,1,2,78,144,1,0,1,1,0.03350400924682617,0.03350400924682617,3.0,3.0,0,0,-0.0,-0.0,0.0,0
benign.pcap,1769178165.0,116.202.233.126,1,3,2,241,161,1,0,1,1,8.992713928222656,8.992713928222656,5.0,5.0,0,0,-0.0,-0.0,0.0,0
benign.pcap,1769178165.0,17.248.214.12,1,6,7,3994,1979,1,0,1,1,0.25044918060302734,0.25044918060302734,13.0,13.0,2,3,-0.0,-0.0,1.0,0
benign.pcap,1769178165.0,17.248.214.67,1,29,26,8772,17015,1,0,1,1,31.12022590637207,31.12022590637207,55.0,55.0,2,3,-0.0,-0.0,1.0,0
benign.pcap,1769178165.0,17.253.39.133,1,14,16,7875,5443,1,0,1,1,0.5789279937744141,0.5789279937744141,30.0,30.0,2,0,-0.0,-0.0,0.0,0
benign.pcap,1769178165.0,192.168.1.1,1,1,1,153,94,0,1,1,1,0.0007789134979248047,0.0007789134979248047,2.0,2.0,0,0,-0.0,-0.0,0.0,0
benign.pcap,1769178170.0,17.248.214.67,1,19,15,6246,4633,1,0,1,1,31.099032163619995,31.099032163619995,34.0,34.0,2,3,-0.0,-0.0,1.0,0
benign.pcap,1769178170.0,192.168.1.1,1,1,0,59,0,0,1,1,1,0.0,0.0,1.0,1.0,0,0,-0.0,-0.0,0.0,0
benign.pcap,1769178175.0,192.168.1.63,1,24,23,3435,23276,1,0,1,1,0.26485681533813477,0.26485681533813477,47.0,47.0,2,3,-0.0,-0.0,1.0,0
benign.pcap,1769178185.0,192.168.1.135,2,6,3,1009,241,1,1,2,2,6.016165494918823,8.692004585266114,4.5,4.95,0,0,1.0,1.0,0.0,0
benign.pcap,1769178185.0,192.168.1.63,1,3,4,222,264,1,0,1,1,0.1275501251220703,0.1275501251220703,7.0,7.0,0,2,-0.0,-0.0,2.0,0
benign.pcap,1769178190.0,192.168.1.135,2,4,5,319,399,2,0,2,2,4.54184353351593,8.546557652950286,4.5,4.95,0,0,1.0,1.0,0.0,0
benign.pcap,1769178195.0,101.43.180.146,1,1,2,102,204,1,0,1,1,0.363631010055542,0.363631010055542,3.0,3.0,0,0,-0.0,-0.0,0.0,0
benign.pcap,1769178195.0,108.177.127.188,1,1,2,92,160,1,0,1,1,0.1629478931427002,0.1629478931427002,3.0,3.0,0,0,-0.0,-0.0,0.0,0
benign.pcap,1769178195.0,192.168.1.126,1,2,0,644,0,1,0,1,1,1.0131018161773682,1.0131018161773682,2.0,2.0,0,1,-0.0,-0.0,1.0,0
benign.pcap,1769178195.0,192.168.1.135,1,3,4,574,295,1,0,1,1,7.018790006637573,7.018790006637573,7.0,7.0,0,0,-0.0,-0.0,0.0,0
benign.pcap,1769178200.0,142.250.74.142,1,13,14,6075,10881,0,1,1,1,0.306408166885376,0.306408166885376,27.0,27.0,0,0,-0.0,-0.0,0.0,0
benign.pcap,1769178200.0,17.248.214.67,1,20,21,7050,7429,1,0,1,1,2.2798380851745605,2.2798380851745605,41.0,41.0,2,0,-0.0,-0.0,0.0,0
benign.pcap,1769178200.0,172.64.41.5,1,10,12,4819,5607,0,1,1,1,0.22164201736450195,0.22164201736450195,22.0,22.0,0,0,-0.0,-0.0,0.0,0
benign.pcap,1769178200.0,185.26.182.111,2,20,16,11821,5606,2,0,2,1,0.24331998825073242,0.25938127040863035,18.0,18.9,4,0,1.0,-0.0,0.0,0
benign.pcap,1769178200.0,192.168.1.1,2,2,2,295,168,0,2,2,1,0.2679790258407593,0.2686099886894226,2.0,2.0,0,0,1.0,-0.0,0.0,0
benign.pcap,1769178200.0,192.168.1.135,1,0,1,0,138,0,1,1,1,0.0,0.0,1.0,1.0,0,0,-0.0,-0.0,0.0,0
benign.pcap,1769178205.0,142.250.74.142,1,1,2,66,132,1,0,1,1,0.04056811332702637,0.04056811332702637,3.0,3.0,0,0,-0.0,-0.0,0.0,0
benign.pcap,1769178205.0,172.64.41.5,2,20,20,10752,10868,0,2,2,1,0.10124242305755615,0.10160280466079712,20.0,20.0,0,0,1.0,-0.0,0.0,0
benign.pcap,1769178205.0,178.215.158.212,1,1,0,138,0,0,1,1,1,0.0,0.0,1.0,1.0,0,0,-0.0,-0.0,0.0,0
benign.pcap,1769178205.0,185.26.182.111,1,12,13,6550,4724,1,0,1,1,0.7562520503997803,0.7562520503997803,25.0,25.0,2,0,-0.0,-0.0,0.0,0
benign.pcap,1769178205.0,185.26.182.118,1,11,10,6066,3233,1,0,1,1,0.2853870391845703,0.2853870391845703,21.0,21.0,2,0,-0.0,-0.0,0.0,0
benign.pcap,1769178205.0,192.168.1.1,4,4,4,590,336,0,4,4,1,0.0008379817008972168,0.0008905172348022461,2.0,2.0,0,0,2.0,-0.0,0.0,0
benign.pcap,1769178205.0,192.168.1.135,2,2,2,331,144,2,0,1,2,0.027986526489257812,0.03193516731262207,2.0,2.0,0,0,-0.0,1.0,0.0,0
connect_scan.pcap,1769364395.0,192.168.1.1,2,2495,4253,866742,771874,2,0,2,1,108.78795611858368,206.69494746923445,3374.0,6408.799999999999,0,0,1.0,-0.0,0.0,0
connect_scan.pcap,1769364395.0,192.168.1.107,1,2,1,141,85,1,0,1,1,0.22135400772094727,0.22135400772094727,3.0,3.0,0,0,-0.0,-0.0,0.0,0
connect_scan.pcap,1769364395.0,192.168.1.130,20,186,182,15799,14728,20,0,17,2,11.652920806407929,11.75599596500412,18.4,18.400000000000205,38,36,3.9841837197791894,0.28639695711595625,0.9230769230769231,1
connect_scan.pcap,1769364395.0,192.168.1.135,9,123,128,20712,16223,3,6,7,9,165.51572921541003,214.71158957481384,27.88888888888889,60.99999999999998,0,0,2.6416041678685933,3.169925001442312,0.0,0
connect_scan.pcap,1769364400.0,192.168.1.130,27,66,64,10332,5650,26,1,27,2,8.346579021877712,1.0032718420028686,4.814814814814815,4.0,52,51,4.754887502163469,0.228538143953528,0.9622641509433962,1
connect_scan.pcap,1769364400.0,192.168.1.135,3,76,80,16934,6389,1,2,3,3,202.02307669321695,205.39386341571807,52.0,96.19999999999999,0,0,1.584962500721156,1.584962500721156,0.0,0
connect_scan.pcap,1769364405.0,192.168.1.1,1,154,0,74242,0,0,1,1,1,180.20515990257263,180.20515990257263,154.0,154.0,0,0,-0.0,-0.0,0.0,0
connect_scan.pcap,1769364405.0,192.168.1.130,25,50,50,3900,3000,25,0,25,1,1.001187162399292,1.0031494140625,4.0,4.0,50,50,4.643856189774724,-0.0,0.9803921568627451,1
connect_scan.pcap,1769364405.0,192.168.1.135,4,16,17,3966,1748,3,1,2,4,50.52800452709198,171.74398182630532,8.25,22.54999999999999,0,0,0.8112781244591328,2.0,0.0,0
connect_scan.pcap,1769364410.0,142.250.74.110,1,15,11,10644,6921,0,1,1,1,0.2078869342803955,0.2078869342803955,26.0,26.0,0,0,-0.0,-0.0,0.0,0
connect_scan.pcap,1769364410.0,162.55.243.89,1,3,2,205,149,1,0,1,1,9.071305990219116,9.071305990219116,5.0,5.0,0,0,-0.0,-0.0,0.0,0
connect_scan.pcap,1769364410.0,192.168.1.107,1,1,0,66,0,1,0,1,1,0.0,0.0,1.0,1.0,0,1,-0.0,-0.0,1.0,0
connect_scan.pcap,1769364410.0,192.168.1.130,25,50,50,3900,3000,25,0,25,1,1.0011866664886475,1.0029747009277343,4.0,4.0,50,50,4.643856189774724,-0.0,0.9803921568627451,1
connect_scan.pcap,1769364415.0,192.168.1.1,1,1,0,59,0,0,1,1,1,0.0,0.0,1.0,1.0,0,0,-0.0,-0.0,0.0,0
connect_scan.pcap,1769364415.0,192.168.1.130,25,50,50,3900,3000,25,0,25,1,1.0015125560760498,1.0031736850738526,4.0,4.0,50,50,4.643856189774724,-0.0,0.9803921568627451,1
connect_scan.pcap,1769364420.0,192.168.1.130,25,50,50,3900,3000,25,0,25,1,1.0013712406158448,1.0033074378967286,4.0,4.0,50,50,4.643856189774724,-0.0,0.9803921568627451,1
connect_scan.pcap,1769364420.0,192.168.1.135,1,13,11,2119,3771,1,0,1,1,0.5798759460449219,0.5798759460449219,24.0,24.0,2,0,-0.0,-0.0,0.0,0
connect_scan.pcap,1769364425.0,192.168.1.130,25,50,50,3900,3000,25,0,25,1,1.001656837463379,1.0039445877075195,4.0,4.0,50,50,4.643856189774724,-0.0,0.9803921568627451,1
connect_scan.pcap,1769364430.0,185.26.182.118,1,1,1,54,60,1,0,1,1,0.0702199935913086,0.0702199935913086,2.0,2.0,0,1,-0.0,-0.0,1.0,0
connect_scan.pcap,1769364430.0,192.168.1.130,25,50,50,3900,3000,25,0,25,1,1.002156286239624,1.0043945789337159,4.0,4.0,50,50,4.643856189774724,-0.0,0.9803921568627451,1
connect_scan.pcap,1769364430.0,192.168.1.135,2,2,2,120,132,2,0,1,2,0.024764537811279297,0.025029540061950684,2.0,2.0,0,0,-0.0,1.0,0.0,0
connect_scan.pcap,1769364435.0,192.168.1.130,25,50,50,3900,3000,25,0,25,1,1.001207284927368,1.003160572052002,4.0,4.0,50,50,4.643856189774724,-0.0,0.9803921568627451,1
connect_scan.pcap,1769364435.0,192.168.1.135,8,7,8,420,516,8,0,1,7,0.028473109006881714,0.05592607259750364,1.875,2.0,0,1,-0.0,2.75,1.0,0
connect_scan.pcap,1769364440.0,192.168.1.130,25,50,50,3900,3000,25,0,25,1,1.0003530025482177,1.0014575481414796,4.0,4.0,50,50,4.643856189774724,-0.0,0.9803921568627451,1
connect_scan.pcap,1769364440.0,192.168.1.135,2,2,2,120,132,2,0,1,2,0.026604056358337402,0.028277218341827393,2.0,2.0,0,0,-0.0,1.0,0.0,0
connect_scan.pcap,1769364445.0,149.154.167.41,1,1,2,66,132,1,0,1,1,0.1987440586090088,0.1987440586090088,3.0,3.0,0,0,-0.0,-0.0,0.0,0
connect_scan.pcap,1769364445.0,192.168.1.130,25,50,50,3900,3000,25,0,25,1,1.0007523155212403,1.00210280418396,4.0,4.0,50,50,4.643856189774724,-0.0,0.9803921568627451,1
connect_scan.pcap,1769364450.0,192.168.1.130,17,34,34,2652,2040,17,0,15,1,1.0017790654126335,1.003328514099121,4.0,4.0,34,34,3.852168723603281,-0.0,0.9714285714285714,1
connect_scan.pcap,1769364450.0,192.168.1.135,3,3,3,180,186,3,0,1,3,0.06157366434733073,0.10386676788330078,2.0,2.0,0,1,-0.0,1.584962500721156,1.0,0
connect_scan.pcap,1769364455.0,185.26.182.118,1,12,12,6288,3887,1,0,1,1,34.34023404121399,34.34023404121399,24.0,24.0,2,0,-0.0,-0.0,0.0,0
connect_scan.pcap,1769364455.0,192.168.1.130,25,48,48,3744,2880,25,0,23,1,0.920441837310791,1.0017776489257812,3.84,4.0,48,48,4.483856189774723,-0.0,0.9795918367346939,1
connect_scan.pcap,1769364460.0,192.168.1.130,20,37,37,2886,2220,20,0,17,1,0.8519479751586914,1.0043824553489684,3.7,4.0,37,37,4.021928094887363,-0.0,0.9736842105263158,1
connect_scan.pcap,1769364465.0,162.55.243.89,1,3,2,205,149,1,0,1,1,8.998004913330078,8.998004913330078,5.0,5.0,0,0,-0.0,-0.0,0.0,0
connect_scan.pcap,1769364465.0,192.168.1.130,22,41,41,3198,2460,22,0,19,1,0.8649160753596913,1.004045295715332,3.727272727272727,4.0,41,41,4.186704345910024,-0.0,0.9761904761904762,1
connect_scan.pcap,1769364465.0,192.168.1.135,1,4,0,848,0,0,1,1,1,3.019291877746582,3.019291877746582,4.0,4.0,0,0,-0.0,-0.0,0.0,0
connect_scan.pcap,1769364470.0,108.157.229.76,1,26,16,12424,23110,1,0,1,1,0.4808619022369385,0.4808619022369385,42.0,42.0,2,2,-0.0,-0.0,0.6666666666666666,0
connect_scan.pcap,1769364470.0,157.240.205.1,1,10,25,717,6622,1,0,1,1,76.87437987327576,76.87437987327576,35.0,35.0,2,7,-0.0,-0.0,2.3333333333333335,0
connect_scan.pcap,1769364470.0,157.240.205.174,5,0,12,0,9924,2,3,5,1,0.6439708232879638,1.9140359878540036,2.4,3.8,4,0,2.321928094887362,-0.0,0.0,0
connect_scan.pcap,1769364470.0,17.57.146.135,1,9,10,787,7433,1,0,1,1,8.394834041595459,8.394834041595459,19.0,19.0,0,0,-0.0,-0.0,0.0,0
connect_scan.pcap,1769364470.0,192.168.1.1,1,1,1,190,78,0,1,1,1,0.030545949935913086,0.030545949935913086,2.0,2.0,0,0,-0.0,-0.0,0.0,0
connect_scan.pcap,1769364470.0,192.168.1.130,24,48,48,3744,2880,24,0,24,1,1.0013288259506226,1.0036139488220215,4.0,4.0,48,48,4.584962500721156,-0.0,0.9795918367346939,1
connect_scan.pcap,1769364470.0,192.168.1.63,11,159,103,65075,48396,6,5,3,9,11.540916746312922,32.9084575176239,23.818181818181817,76.0,13,4,0.8658566174572235,3.095795255000934,0.2857142857142857,0
connect_scan.pcap,1769364475.0,109.238.90.58,1,22,21,7562,5304,1,0,1,1,29.248515129089355,29.248515129089355,43.0,43.0,2,1,-0.0,-0.0,0.3333333333333333,0
connect_scan.pcap,1769364475.0,157.240.205.1,4,20,68,1434,58854,2,2,4,1,40.14446949958801,77.46884859800339,22.0,34.0,4,18,2.0,-0.0,3.6,0
connect_scan.pcap,1769364475.0,157.240.205.21,1,76,69,10644,7319,1,0,1,1,115.83324885368347,115.83324885368347,145.0,145.0,2,2,-0.0,-0.0,0.6666666666666666,0
connect_scan.pcap,1769364475.0,157.240.205.35,2,10,30,717,24781,1,1,2,1,40.20402944087982,73.68032191991806,20.0,32.6,2,9,1.0,-0.0,3.0,0
connect_scan.pcap,1769364475.0,157.240.205.63,19,507,533,241665,109797,19,0,19,1,7.565741438614695,22.293020772933932,54.73684210526316,106.89999999999993,38,0,4.247927513443585,-0.0,0.0,0
connect_scan.pcap,1769364475.0,17.253.39.135,1,8,8,5178,2079,1,0,1,1,0.1562340259552002,0.1562340259552002,16.0,16.0,2,0,-0.0,-0.0,0.0,0
connect_scan.pcap,1769364475.0,17.253.39.141,1,9,10,8099,2560,1,0,1,1,0.16042709350585938,0.16042709350585938,19.0,19.0,2,0,-0.0,-0.0,0.0,0
connect_scan.pcap,1769364475.0,17.57.12.16,5,76,80,70931,16003,5,0,5,1,1.0738254070281983,1.1185322761535645,31.2,33.6,10,6,2.321928094887362,-0.0,0.5454545454545454,0
connect_scan.pcap,1769364475.0,17.57.12.243,1,7,9,2990,2214,1,0,1,1,0.700808048248291,0.700808048248291,16.0,16.0,2,2,-0.0,-0.0,0.6666666666666666,0
connect_scan.pcap,1769364475.0,17.57.146.54,1,6,4,7033,296,1,0,1,1,0.07993698120117188,0.07993698120117188,10.0,10.0,0,0,-0.0,-0.0,0.0,0
connect_scan.pcap,1769364475.0,172.253.130.95,1,9,7,8630,4047,0,1,1,1,0.2843949794769287,0.2843949794769287,16.0,16.0,0,0,-0.0,-0.0,0.0,0
connect_scan.pcap,1769364475.0,192.168.1.1,1,1,0,59,0,0,1,1,1,0.0,0.0,1.0,1.0,0,0,-0.0,-0.0,0.0,0
connect_scan.pcap,1769364475.0,192.168.1.130,25,50,50,3900,3000,25,0,25,1,1.0025655841827392,1.003837776184082,4.0,4.0,50,50,4.643856189774724,-0.0,0.9803921568627451,1
connect_scan.pcap,1769364475.0,192.168.1.135,3,12,11,3178,1078,3,0,1,3,14.5468856493632,39.235014128684995,7.666666666666667,17.299999999999997,2,2,-0.0,1.584962500721156,0.6666666666666666,0
connect_scan.pcap,1769364475.0,192.168.1.63,23,920,673,215427,576867,13,10,2,14,31.355856190557066,115.81594059467315,69.26086956521739,361.39999999999975,27,19,0.2580186686648155,3.6539967386657093,0.6785714285714286,0
connect_scan.pcap,1769364480.0,151.101.3.6,1,87,88,19262,12235,0,1,1,1,103.4721109867096,103.4721109867096,175.0,175.0,0,0,-0.0,-0.0,0.0,0
connect_scan.pcap,1769364480.0,157.240.205.1,10,50,169,3585,145881,5,5,10,1,39.99967575073242,77.5833842754364,21.9,34.0,10,45,3.321928094887362,-0.0,4.090909090909091,0
connect_scan.pcap,1769364480.0,192.168.1.130,25,50,50,3900,3000,25,0,25,1,1.0020960903167724,1.0033854007720948,4.0,4.0,50,50,4.643856189774724,-0.0,0.9803921568627451,1
connect_scan.pcap,1769364480.0,192.168.1.135,5,5,5,300,330,5,0,1,5,0.02571396827697754,0.02865772247314453,2.0,2.0,0,0,-0.0,2.321928094887362,0.0,0
connect_scan.pcap,1769364480.0,192.168.1.63,11,185,156,76373,130097,6,5,1,4,9.419076312672008,29.104954481124878,31.0,84.5,13,0,-0.0,1.789929075309999,0.0,0
connect_scan.pcap,1769364485.0,151.101.3.6,1,10,13,7598,6304,0,1,1,1,0.25788402557373047,0.25788402557373047,23.0,23.0,0,0,-0.0,-0.0,0.0,0
connect_scan.pcap,1769364485.0,157.240.205.1,8,40,135,2868,116454,4,4,8,1,39.99739399552345,77.63385390043258,21.875,34.0,8,36,3.0,-0.0,4.0,0
connect_scan.pcap,1769364485.0,157.240.205.63,1,152,129,22710,161157,1,0,1,1,105.87099480628967,105.87099480628967,281.0,281.0,2,2,-0.0,-0.0,0.6666666666666666,0
connect_scan.pcap,1769364485.0,173.194.221.113,2,29,33,20473,14069,0,2,2,1,0.18722140789031982,0.1883630633354187,31.0,31.0,0,0,1.0,-0.0,0.0,0
connect_scan.pcap,1769364485.0,192.168.1.1,2,4,0,344,0,0,2,2,1,4.091949462890625,4.092001175880432,2.0,2.0,0,0,1.0,-0.0,0.0,0
connect_scan.pcap,1769364485.0,192.168.1.130,24,48,48,3744,2880,24,0,24,1,1.0008850793043773,1.003011977672577,4.0,4.0,48,48,4.584962500721156,-0.0,0.9795918367346939,1
connect_scan.pcap,1769364485.0,192.168.1.135,3,3,3,180,198,3,0,1,2,0.027262369791666668,0.029218435287475586,2.0,2.0,0,0,-0.0,0.9182958340544896,0.0,0
connect_scan.pcap,1769364485.0,192.168.1.63,9,123,82,58029,35126,4,5,2,4,8.125971873601278,28.94863538742065,22.77777777777778,54.999999999999986,8,10,0.5032583347756457,1.4466166676282082,1.1111111111111112,0
connect_scan.pcap,1769364490.0,157.240.205.1,5,30,90,2151,61763,3,2,5,1,47.30284013748169,77.4154121875763,24.0,33.8,6,25,2.321928094887362,-0.0,3.5714285714285716,0
connect_scan.pcap,1769364490.0,192.168.1.130,25,50,50,3900,3000,25,0,20,1,1.002545757293701,1.0040637969970703,4.0,4.0,50,50,4.243856189774724,-0.0,0.9803921568627451,1
connect_scan.pcap,1769364490.0,192.168.1.63,6,111,81,48386,79562,3,3,1,3,7.147638281186421,22.279254615306854,32.0,74.0,6,3,-0.0,1.4591479170272448,0.42857142857142855,0
connect_scan.pcap,1769364495.0,120.53.236.25,1,1,2,102,204,1,0,1,1,0.4200739860534668,0.4200739860534668,3.0,3.0,0,0,-0.0,-0.0,0.0,0
connect_scan.pcap,1769364495.0,142.251.1.188,1,2,2,158,158,1,0,1,1,0.03631281852722168,0.03631281852722168,4.0,4.0,0,0,-0.0,-0.0,0.0,0
connect_scan.pcap,1769364495.0,149.154.167.41,1,2,4,318,754,1,0,1,1,0.4490680694580078,0.4490680694580078,6.0,6.0,2,0,-0.0,-0.0,0.0,0
connect_scan.pcap,1769364495.0,157.240.205.1,2,10,34,717,29427,1,1,2,1,40.27543485164642,73.94436916112899,22.0,32.8,2,9,1.0,-0.0,3.0,0
connect_scan.pcap,1769364495.0,157.240.205.61,1,0,2,0,148,1,0,1,1,1.0606608390808105,1.0606608390808105,2.0,2.0,2,0,-0.0,-0.0,0.0,0
connect_scan.pcap,1769364495.0,192.168.1.1,1,1,1,131,83,0,1,1,1,0.3478081226348877,0.3478081226348877,2.0,2.0,0,0,-0.0,-0.0,0.0,0
connect_scan.pcap,1769364495.0,192.168.1.130,17,34,34,2652,2040,17,0,17,1,1.0014764140633976,1.0034943103790284,4.0,4.0,34,34,4.087462841250339,-0.0,0.9714285714285714,1
connect_scan.pcap,1769364495.0,192.168.1.135,2,2,2,120,132,2,0,1,2,0.036837100982666016,0.0478287935256958,2.0,2.0,0,0,-0.0,1.0,0.0,0
connect_scan.pcap,1769364495.0,192.168.1.63,2,29,18,15397,7051,1,1,1,1,1.362154483795166,2.187589931488037,23.5,35.65,2,3,-0.0,-0.0,1.0,0
connect_scan.pcap,1769364500.0,157.240.205.1,4,20,66,1434,44427,2,2,4,1,40.993001997470856,77.53490895032883,21.5,35.55,4,11,2.0,-0.0,2.2,0
connect_scan.pcap,1769364500.0,192.168.1.130,22,41,41,3198,2460,22,0,19,1,0.8644987778230147,1.0021066546440125,3.727272727272727,4.0,41,41,4.186704345910024,-0.0,0.9761904761904762,1
connect_scan.pcap,1769364500.0,192.168.1.63,2,32,23,29003,10317,0,2,1,2,4.808928847312927,7.088195931911469,27.5,43.25,0,0,-0.0,1.0,0.0,0
connect_scan.pcap,1769364505.0,17.253.39.141,1,3,5,222,318,1,0,1,1,0.0439450740814209,0.0439450740814209,8.0,8.0,0,3,-0.0,-0.0,3.0,0
connect_scan.pcap,1769364505.0,192.168.1.130,21,42,42,3276,2520,21,0,15,1,1.0026759987785703,1.0042779445648193,4.0,4.0,42,42,3.7849418274376414,-0.0,0.9767441860465116,1
connect_scan.pcap,1769364510.0,157.240.205.63,1,0,9,0,11646,0,1,1,1,25.48028588294983,25.48028588294983,9.0,9.0,0,0,-0.0,-0.0,0.0,0
connect_scan.pcap,1769364510.0,192.168.1.130,25,50,50,3900,3000,25,0,25,1,1.0020377349853515,1.0040727615356446,4.0,4.0,50,50,4.643856189774724,-0.0,0.9803921568627451,1
connect_scan.pcap,1769364510.0,192.168.1.63,6,54,44,16979,26671,5,1,1,3,4.34860082467397,19.182313442230225,16.333333333333332,41.0,4,7,-0.0,1.4591479170272448,1.4,0
connect_scan.pcap,1769364515.0,162.55.243.89,1,3,2,205,149,1,0,1,1,9.000301122665405,9.000301122665405,5.0,5.0,0,0,-0.0,-0.0,0.0,0
connect_scan.pcap,1769364515.0,17.253.38.35,1,0,2,0,180,0,1,1,1,2.011013984680176,2.011013984680176,2.0,2.0,0,0,-0.0,-0.0,0.0,0
connect_scan.pcap,1769364515.0,17.253.52.125,1,1,1,90,90,0,1,1,1,0.06782293319702148,0.06782293319702148,2.0,2.0,0,0,-0.0,-0.0,0.0,0
connect_scan.pcap,1769364515.0,185.191.124.203,1,8,7,832,2850,1,0,1,1,30.25404405593872,30.25404405593872,15.0,15.0,2,0,-0.0,-0.0,0.0,0
connect_scan.pcap,1769364515.0,192.168.1.130,25,50,50,3900,3000,25,0,25,1,1.000658826828003,1.002037525177002,4.0,4.0,50,50,4.643856189774724,-0.0,0.9803921568627451,1
connect_scan.pcap,1769364520.0,157.240.205.1,2,10,30,717,15480,1,1,2,1,51.518654465675354,74.9538846373558,20.0,29.9,2,6,1.0,-0.0,2.0,0
connect_scan.pcap,1769364520.0,157.240.205.63,1,0,9,0,11646,0,1,1,1,25.478104829788208,25.478104829788208,9.0,9.0,0,0,-0.0,-0.0,0.0,0
connect_scan.pcap,1769364520.0,192.168.1.130,18,33,33,2574,1980,18,0,15,1,0.8344621525870429,1.0039180159568786,3.6666666666666665,4.0,33,33,3.8365916681089787,-0.0,0.9705882352941176,1
connect_scan.pcap,1769364520.0,192.168.1.135,6,150,133,20674,16599,2,4,4,6,47.89734689394633,91.58217805624008,47.166666666666664,173.75,0,0,1.9182958340544893,2.584962500721156,0.0,0
connect_scan.pcap,1769364525.0,192.168.1.130,25,48,46,3696,2766,25,0,22,1,0.8421645450592041,1.004231595993042,3.76,4.0,47,46,4.403856189774724,-0.0,0.9583333333333334,1
connect_scan.pcap,1769364525.0,192.168.1.135,4,4,4,240,264,4,0,1,4,0.024467527866363525,0.024722886085510255,2.0,2.0,0,0,-0.0,2.0,0.0,0
connect_scan.pcap,1769364530.0,192.168.1.130,22,44,44,3432,2640,22,0,22,1,1.0017944899472324,1.0033376455307006,4.0,4.0,44,44,4.459431618637296,-0.0,0.9777777777777777,1
connect_scan.pcap,1769364530.0,192.168.1.135,4,4,4,240,264,4,0,1,2,0.027903199195861816,0.029466724395751952,2.0,2.0,0,0,-0.0,1.0,0.0,0
connect_scan.pcap,1769364535.0,185.26.182.118,1,3,2,186,120,1,0,1,1,19.986079931259155,19.986079931259155,5.0,5.0,0,0,-0.0,-0.0,0.0,0
connect_scan.pcap,1769364535.0,192.168.1.1,1,1,0,59,0,0,1,1,1,0.0,0.0,1.0,1.0,0,0,-0.0,-0.0,0.0,0
connect_scan.pcap,1769364535.0,192.168.1.130,25,50,50,3900,3000,25,0,25,1,1.001416654586792,1.0041864395141602,4.0,4.0,50,50,4.643856189774724,-0.0,0.9803921568627451,1
connect_scan.pcap,1769364540.0,157.240.205.63,9,33,41,2682,13958,8,1,9,1,2.8721913231743708,15.318272209167471,8.222222222222221,9.0,0,8,3.169925001442312,-0.0,8.0,0
connect_scan.pcap,1769364540.0,192.168.1.130,25,50,50,3900,3000,25,0,25,1,1.0022684669494628,1.003908061981201,4.0,4.0,50,50,4.643856189774724,-0.0,0.9803921568627451,1
connect_scan.pcap,1769364540.0,192.168.1.135,2,2,2,120,132,2,0,1,2,0.037320494651794434,0.048389112949371337,2.0,2.0,0,0,-0.0,1.0,0.0,0
connect_scan.pcap,1769364545.0,157.240.205.63,8,31,33,2550,2366,8,0,8,1,0.07510939240455627,0.13170759677886962,8.0,9.0,0,9,3.0,-0.0,9.0,0
connect_scan.pcap,1769364545.0,192.168.1.130,25,50,50,3900,3000,25,0,25,1,1.0014925193786621,1.0035587310791017,4.0,4.0,50,50,4.643856189774724,-0.0,0.9803921568627451,1
connect_scan.pcap,1769364545.0,192.168.1.63,1,7,6,489,459,1,0,1,1,0.09112095832824707,0.09112095832824707,13.0,13.0,0,3,-0.0,-0.0,3.0,0
connect_scan.pcap,1769364550.0,157.240.205.1,2,1,23,74,14881,1,1,2,1,31.04769206047058,36.04222037792206,12.0,14.7,2,0,1.0,-0.0,0.0,0
connect_scan.pcap,1769364550.0,192.168.1.130,25,50,50,3900,3000,25,0,25,1,1.0006389904022217,1.00301833152771,4.0,4.0,50,50,4.643856189774724,-0.0,0.9803921568627451,1
connect_scan.pcap,1769364550.0,192.168.1.135,1,0,1,0,54,1,0,1,1,0.0,0.0,1.0,1.0,0,1,-0.0,-0.0,1.0,0
connect_scan.pcap,1769364550.0,192.168.1.63,2,25,11,14046,5154,1,1,2,2,17.246549010276794,24.67614620923996,18.0,26.099999999999998,0,0,1.0,1.0,0.0,0
connect_scan.pcap,1769364555.0,157.240.205.63,3,44,68,19249,25054,2,1,3,1,21.12429936726888,36.59176015853882,37.333333333333336,86.39999999999999,0,3,1.584962500721156,-0.0,3.0,0
connect_scan.pcap,1769364555.0,17.57.146.135,1,6,12,546,994,1,0,1,1,32.193915128707886,32.193915128707886,18.0,18.0,0,0,-0.0,-0.0,0.0,0
connect_scan.pcap,1769364555.0,192.168.1.1,1,1,1,190,78,0,1,1,1,0.0289919376373291,0.0289919376373291,2.0,2.0,0,0,-0.0,-0.0,0.0,0
connect_scan.pcap,1769364555.0,192.168.1.130,25,50,50,3900,3000,25,0,25,1,1.0009552001953126,1.0027031421661377,4.0,4.0,50,50,4.643856189774724,-0.0,0.9803921568627451,1
connect_scan.pcap,1769364555.0,192.168.1.135,1,1,0,243,0,0,1,1,1,0.0,0.0,1.0,1.0,0,0,-0.0,-0.0,0.0,0
connect_scan.pcap,1769364555.0,192.168.1.63,1,31,29,3104,35396,1,0,1,1,38.028165102005005,38.028165102005005,60.0,60.0,0,1,-0.0,-0.0,1.0,0
connect_scan.pcap,1769364560.0,157.240.205.1,8,4,89,296,97170,4,4,8,1,17.764092981815338,32.92667542695999,11.625,13.649999999999999,8,4,3.0,-0.0,0.4444444444444444,0
connect_scan.pcap,1769364560.0,157.240.205.63,1,30,35,31212,5198,1,0,1,1,32.06461191177368,32.06461191177368,65.0,65.0,0,1,-0.0,-0.0,1.0,0
connect_scan.pcap,1769364560.0,192.168.1.107,1,2,1,141,85,1,0,1,1,0.24726414680480957,0.24726414680480957,3.0,3.0,0,0,-0.0,-0.0,0.0,0
connect_scan.pcap,1769364560.0,192.168.1.130,25,50,50,3900,3000,25,0,25,1,1.0015745449066162,1.0040568828582763,4.0,4.0,50,50,4.643856189774724,-0.0,0.9803921568627451,1
connect_scan.pcap,1769364560.0,192.168.1.63,6,42,0,47196,0,2,4,1,2,1.517360806465149,2.2784814834594727,7.0,10.0,0,2,-0.0,0.9182958340544896,2.0,0
connect_scan.pcap,1769364565.0,157.240.205.1,2,1,22,74,23979,1,1,2,1,15.410221457481384,26.632159864902494,11.5,12.85,2,1,1.0,-0.0,0.3333333333333333,0
connect_scan.pcap,1769364565.0,157.240.205.63,1,18,22,4603,4246,1,0,1,1,26.726547956466675,26.726547956466675,40.0,40.0,2,2,-0.0,-0.0,0.6666666666666666,0
connect_scan.pcap,1769364565.0,192.168.1.130,25,50,50,3900,3000,25,0,25,1,1.002376356124878,1.0037930488586426,4.0,4.0,50,50,4.643856189774724,-0.0,0.9803921568627451,1
connect_scan.pcap,1769364565.0,192.168.1.135,2,2,2,120,132,2,0,1,2,0.02470409870147705,0.024716651439666747,2.0,2.0,0,0,-0.0,1.0,0.0,0
connect_scan.pcap,1769364565.0,192.168.1.63,4,65,55,21960,21220,3,1,1,1,0.9060260057449341,2.0131221771240226,30.0,38.0,6,11,-0.0,-0.0,1.5714285714285714,0
connect_scan.pcap,1769364570.0,157.240.205.1,2,1,22,74,23979,1,1,2,1,13.456920504570007,22.869168627262116,11.5,12.85,2,1,1.0,-0.0,0.3333333333333333,0
connect_scan.pcap,1769364570.0,162.55.243.89,1,3,2,205,149,1,0,1,1,8.99086308479309,8.99086308479309,5.0,5.0,0,0,-0.0,-0.0,0.0,0
connect_scan.pcap,1769364570.0,192.168.1.107,1,1,0,583,0,1,0,1,1,0.0,0.0,1.0,1.0,0,0,-0.0,-0.0,0.0,0
connect_scan.pcap,1769364570.0,192.168.1.130,25,50,50,3900,3000,25,0,25,1,1.0008959770202637,1.0029848575592042,4.0,4.0,50,50,4.643856189774724,-0.0,0.9803921568627451,1
connect_scan.pcap,1769364570.0,192.168.1.135,4,4,4,240,264,4,0,1,4,0.02463817596435547,0.02506840229034424,2.0,2.0,0,0,-0.0,2.0,0.0,0
connect_scan.pcap,1769364570.0,192.168.1.63,1,10,0,11772,0,0,1,1,1,2.280553102493286,2.280553102493286,10.0,10.0,0,0,-0.0,-0.0,0.0,0
connect_scan.pcap,1769364575.0,157.240.205.63,1,0,8,0,10352,0,1,1,1,12.702600002288818,12.702600002288818,8.0,8.0,0,0,-0.0,-0.0,0.0,0
connect_scan.pcap,1769364575.0,192.168.1.130,25,50,50,3900,3000,25,0,25,1,1.001707992553711,1.0038824558258057,4.0,4.0,50,50,4.643856189774724,-0.0,0.9803921568627451,1
connect_scan.pcap,1769364575.0,192.168.1.135,4,4,4,240,264,4,0,1,2,0.027809739112854004,0.02951188087463379,2.0,2.0,0,0,-0.0,1.0,0.0,0
connect_scan.pcap,1769364575.0,192.168.1.63,6,20,8,1152,528,6,0,1,3,17.848819812138874,17.89932131767273,4.666666666666667,6.0,0,8,-0.0,1.2516291673878228,8.0,0
connect_scan.pcap,1769364580.0,157.240.205.1,2,1,17,74,11193,1,1,2,1,8.696082472801208,10.854710447788237,9.0,10.8,2,0,1.0,-0.0,0.0,0
connect_scan.pcap,1769364580.0,192.168.1.130,25,50,50,3900,3000,25,0,25,1,1.0017911052703858,1.0031020164489746,4.0,4.0,50,50,4.643856189774724,-0.0,0.9803921568627451,1
connect_scan.pcap,1769364580.0,192.168.1.63,1,7,0,9058,0,0,1,1,1,6.304546117782593,6.304546117782593,7.0,7.0,0,0,-0.0,-0.0,0.0,0
connect_scan.pcap,1769364585.0,157.240.205.63,1,0,7,0,9058,0,1,1,1,6.302745819091797,6.302745819091797,7.0,7.0,0,0,-0.0,-0.0,0.0,0
connect_scan.pcap,1769364585.0,192.168.1.130,25,50,50,3900,3000,25,0,25,1,1.0026086044311524,1.0037819385528564,4.0,4.0,50,50,4.643856189774724,-0.0,0.9803921568627451,1
connect_scan.pcap,1769364585.0,192.168.1.135,3,6,2,968,132,2,1,2,3,1.029469648996989,2.7230042457580566,2.6666666666666665,3.8,0,0,0.9182958340544896,1.584962500721156,0.0,0
connect_scan.pcap,1769364590.0,185.191.124.203,1,1,1,54,60,1,0,1,1,0.08039402961730957,0.08039402961730957,2.0,2.0,0,1,-0.0,-0.0,1.0,0
connect_scan.pcap,1769364590.0,192.168.1.130,25,50,50,3900,3000,25,0,25,1,1.0015087509155274,1.0034168720245362,4.0,4.0,50,50,4.643856189774724,-0.0,0.9803921568627451,1
connect_scan.pcap,1769364590.0,192.168.1.63,1,2,0,259,0,0,1,1,1,4.625691890716553,4.625691890716553,2.0,2.0,0,0,-0.0,-0.0,0.0,0
connect_scan.pcap,1769364595.0,149.154.167.50,2,20,22,3525,5437,2,0,2,1,6.380168557167053,7.287130606174469,21.0,34.5,6,2,1.0,-0.0,0.2857142857142857,0
connect_scan.pcap,1769364595.0,192.168.1.1,2,2,1,229,74,0,2,2,2,0.23897802829742432,0.45405825376510617,1.5,1.95,0,0,1.0,1.0,0.0,0
connect_scan.pcap,1769364595.0,192.168.1.107,1,1,1,161,66,1,0,1,1,0.034268856048583984,0.034268856048583984,2.0,2.0,0,0,-0.0,-0.0,0.0,0
connect_scan.pcap,1769364595.0,192.168.1.130,25,50,50,3900,3000,25,0,25,1,1.0021883392333983,1.0038955688476563,4.0,4.0,50,50,4.643856189774724,-0.0,0.9803921568627451,1
connect_scan.pcap,1769364595.0,192.168.1.63,1,4,2,264,156,1,0,1,1,0.028476953506469727,0.028476953506469727,6.0,6.0,0,2,-0.0,-0.0,2.0,0
connect_scan.pcap,1769364600.0,142.250.145.113,2,27,29,19041,8936,1,1,2,1,0.6633930206298828,0.7382820129394532,28.0,36.1,2,0,1.0,-0.0,0.0,0
connect_scan.pcap,1769364600.0,149.154.167.50,1,4,6,542,1240,1,0,1,1,1.1755390167236328,1.1755390167236328,10.0,10.0,2,0,-0.0,-0.0,0.0,0
connect_scan.pcap,1769364600.0,185.26.182.118,1,1,1,54,60,1,0,1,1,0.06963300704956055,0.06963300704956055,2.0,2.0,0,1,-0.0,-0.0,1.0,0
connect_scan.pcap,1769364600.0,192.168.1.130,25,50,50,3900,3000,25,0,25,1,1.0013021659851074,1.002871561050415,4.0,4.0,50,50,4.643856189774724,-0.0,0.9803921568627451,1
connect_scan.pcap,1769364605.0,192.168.1.1,2,4,0,344,0,0,2,2,1,4.092337369918823,4.092657303810119,2.0,2.0,0,0,1.0,-0.0,0.0,0
connect_scan.pcap,1769364605.0,192.168.1.107,1,7,7,2116,1973,1,0,1,1,0.22568488121032715,0.22568488121032715,14.0,14.0,2,0,-0.0,-0.0,0.0,0
connect_scan.pcap,1769364605.0,192.168.1.130,25,50,50,3900,3000,25,0,25,1,1.0004416084289551,1.0017889976501464,4.0,4.0,50,50,4.643856189774724,-0.0,0.9803921568627451,1
connect_scan.pcap,1769364610.0,120.53.236.25,1,1,2,102,204,1,0,1,1,0.3264138698577881,0.3264138698577881,3.0,3.0,0,0,-0.0,-0.0,0.0,0
connect_scan.pcap,1769364610.0,157.240.205.61,1,0,1,0,74,1,0,1,1,0.0,0.0,1.0,1.0,1,0,-0.0,-0.0,0.0,0
connect_scan.pcap,1769364610.0,192.168.1.130,11,21,21,1638,1260,11,0,11,1,0.9096258336847479,1.0018445253372192,3.8181818181818183,4.0,21,21,3.4594316186372978,-0.0,0.9545454545454546,1
connect_scan.pcap,1769364610.0,192.168.1.135,2,2,2,120,132,2,0,1,2,0.024403095245361328,0.024440860748291014,2.0,2.0,0,0,-0.0,1.0,0.0,0
sweep_scan.pcap,1769364960.0,192.168.1.1,2,63,104,23850,20856,2,0,2,1,1.5655955076217651,2.9721897959709165,83.5,155.04999999999998,0,0,1.0,-0.0,0.0,0
sweep_scan.pcap,1769364960.0,192.168.1.135,4,5,5,907,342,2,2,3,4,0.061086058616638184,0.1096177816390991,2.5,3.6999999999999993,0,0,1.5,2.0,0.0,0
sweep_scan.pcap,1769364965.0,149.154.167.41,1,1,1,74,74,1,0,1,1,0.06717514991760254,0.06717514991760254,2.0,2.0,2,0,-0.0,-0.0,0.0,0
sweep_scan.pcap,1769364965.0,176.59.209.168,1,0,1,0,187,0,1,1,1,0.0,0.0,1.0,1.0,0,0,-0.0,-0.0,0.0,0
sweep_scan.pcap,1769364965.0,192.168.1.1,5,5,9,286,506,5,0,1,1,0.002151203155517578,0.002949428558349609,2.8,3.0,9,5,-0.0,-0.0,0.5,0
sweep_scan.pcap,1769364965.0,192.168.1.130,6,7,5,498,300,5,1,6,2,0.0005199909210205078,0.0019022226333618164,2.0,2.75,6,5,2.584962500721156,0.6500224216483541,0.7142857142857143,1
sweep_scan.pcap,1769364965.0,192.168.1.135,1,0,1,0,1252,0,1,1,1,0.0,0.0,1.0,1.0,0,0,-0.0,-0.0,0.0,0
